id,name,slug,generation,base_experience,height,weight,types,abilities,stats,sprite_default,sprite_shiny,sourceUrl
906,sprigatito,sprigatito,generation-ix,62,4,41,grass,"overgrow, protean","hp: 40, attack: 61, defense: 54, special-attack: 45, special-defense: 45, speed: 65",pokemon/sprigatito/images/sprite_default.png,pokemon/sprigatito/images/sprite_shiny.png,https://pokeapi.co/api/v2/pokemon/906/
907,floragato,floragato,generation-ix,144,9,122,grass,"overgrow, protean","hp: 61, attack: 80, defense: 63, special-attack: 60, special-defense: 63, speed: 83",pokemon/floragato/images/sprite_default.png,pokemon/floragato/images/sprite_shiny.png,https://pokeapi.co/api/v2/pokemon/907/
908,meowscarada,meowscarada,generation-ix,265,15,312,"grass, dark","overgrow, protean","hp: 76, attack: 110, defense: 70, special-attack: 81, special-defense: 70, speed: 123",pokemon/meowscarada/images/sprite_default.png,pokemon/meowscarada/images/sprite_shiny.png,https://pokeapi.co/api/v2/pokemon/908/
909,fuecoco,fuecoco,generation-ix,62,4,98,fire,"blaze, unaware","hp: 67, attack: 45, defense: 59, special-attack: 63, special-defense: 40, speed: 36",pokemon/fuecoco/images/sprite_default.png,pokemon/fuecoco/images/sprite_shiny.png,https://pokeapi.co/api/v2/pokemon/909/
910,crocalor,crocalor,generation-ix,144,10,307,fire,"blaze, unaware","hp: 81, attack: 55, defense: 78, special-attack: 90, special-defense: 58, speed: 49",pokemon/crocalor/images/sprite_default.png,pokemon/crocalor/images/sprite_shiny.png,https://pokeapi.co/api/v2/pokemon/910/
911,skeledirge,skeledirge,generation-ix,265,16,3265,"fire, ghost","blaze, unaware","hp: 104, attack: 75, defense: 100, special-attack: 110, special-defense: 75, speed: 66",pokemon/skeledirge/images/sprite_default.png,pokemon/skeledirge/images/sprite_shiny.png,https://pokeapi.co/api/v2/pokemon/911/
912,quaxly,quaxly,generation-ix,62,5,61,water,"torrent, moxie","hp: 55, attack: 65, defense: 45, special-attack: 50, special-defense: 45, speed: 50",pokemon/quaxly/images/sprite_default.png,pokemon/quaxly/images/sprite_shiny.png,https://pokeapi.co/api/v2/pokemon/912/
913,quaxwell,quaxwell,generation-ix,144,12,215,water,"torrent, moxie","hp: 70, attack: 85, defense: 65, special-attack: 65, special-defense: 60, speed: 65",pokemon/quaxwell/images/sprite_default.png,pokemon/quaxwell/images/sprite_shiny.png,https://pokeapi.co/api/v2/pokemon/913/
914,quaquaval,quaquaval,generation-ix,265,18,619,"water, fighting","torrent, moxie","hp: 85, attack: 120, defense: 80, special-attack: 85, special-defense: 75, speed: 85",pokemon/quaquaval/images/sprite_default.png,pokemon/quaquaval/images/sprite_shiny.png,https://pokeapi.co/api/v2/pokemon/914/
915,lechonk,lechonk,generation-ix,51,5,102,normal,"aroma-veil, gluttony, thick-fat","hp: 54, attack: 45, defense: 40, special-attack: 35, special-defense: 45, speed: 35",pokemon/lechonk/images/sprite_default.png,pokemon/lechonk/images/sprite_shiny.png,https://pokeapi.co/api/v2/pokemon/915/
916,oinkologne-male,oinkologne_male,generation-ix,171,10,1200,normal,"lingering-aroma, gluttony, thick-fat","hp: 110, attack: 100, defense: 75, special-attack: 59, special-defense: 80, speed: 65",pokemon/oinkologne_male/images/sprite_default.png,pokemon/oinkologne_male/images/sprite_shiny.png,https://pokeapi.co/api/v2/pokemon/916/
917,tarountula,tarountula,generation-ix,42,3,40,bug,"insomnia, stakeout","hp: 35, attack: 41, defense: 45, special-attack: 29, special-defense: 40, speed: 20",pokemon/tarountula/images/sprite_default.png,pokemon/tarountula/images/sprite_shiny.png,https://pokeapi.co/api/v2/pokemon/917/
918,spidops,spidops,generation-ix,141,10,165,bug,"insomnia, stakeout","hp: 60, attack: 79, defense: 92, special-attack: 52, special-defense: 86, speed: 35",pokemon/spidops/images/sprite_default.png,pokemon/spidops/images/sprite_shiny.png,https://pokeapi.co/api/v2/pokemon/918/
919,nymble,nymble,generation-ix,42,2,10,bug,"swarm, tinted-lens","hp: 33, attack: 46, defense: 40, special-attack: 21, special-defense: 25, speed: 45",pokemon/nymble/images/sprite_default.png,pokemon/nymble/images/sprite_shiny.png,https://pokeapi.co/api/v2/pokemon/919/
920,lokix,lokix,generation-ix,158,10,175,"bug, dark","swarm, tinted-lens","hp: 71, attack: 102, defense: 78, special-attack: 52, special-defense: 55, speed: 92",pokemon/lokix/images/sprite_default.png,pokemon/lokix/images/sprite_shiny.png,https://pokeapi.co/api/v2/pokemon/920/
921,pawmi,pawmi,generation-ix,48,3,25,electric,"static, natural-cure, iron-fist","hp: 45, attack: 50, defense: 20, special-attack: 40, special-defense: 25, speed: 60",pokemon/pawmi/images/sprite_default.png,pokemon/pawmi/images/sprite_shiny.png,https://pokeapi.co/api/v2/pokemon/921/
922,pawmo,pawmo,generation-ix,123,4,65,"electric, fighting","volt-absorb, natural-cure, iron-fist","hp: 60, attack: 75, defense: 40, special-attack: 50, special-defense: 40, speed: 85",pokemon/pawmo/images/sprite_default.png,pokemon/pawmo/images/sprite_shiny.png,https://pokeapi.co/api/v2/pokemon/922/
923,pawmot,pawmot,generation-ix,245,9,410,"electric, fighting","volt-absorb, natural-cure, iron-fist","hp: 70, attack: 115, defense: 70, special-attack: 70, special-defense: 60, speed: 105",pokemon/pawmot/images/sprite_default.png,pokemon/pawmot/images/sprite_shiny.png,https://pokeapi.co/api/v2/pokemon/923/
924,tandemaus,tandemaus,generation-ix,61,3,18,normal,"run-away, pickup, own-tempo","hp: 50, attack: 50, defense: 45, special-attack: 40, special-defense: 45, speed: 75",pokemon/tandemaus/images/sprite_default.png,pokemon/tandemaus/images/sprite_shiny.png,https://pokeapi.co/api/v2/pokemon/924/
925,maushold-family-of-four,maushold_family_of_four,generation-ix,165,3,23,normal,"friend-guard, cheek-pouch, technician","hp: 74, attack: 75, defense: 70, special-attack: 65, special-defense: 75, speed: 111",pokemon/maushold_family_of_four/images/sprite_default.png,pokemon/maushold_family_of_four/images/sprite_shiny.png,https://pokeapi.co/api/v2/pokemon/925/
926,fidough,fidough,generation-ix,62,3,109,fairy,"own-tempo, klutz","hp: 37, attack: 55, defense: 70, special-attack: 30, special-defense: 55, speed: 65",pokemon/fidough/images/sprite_default.png,pokemon/fidough/images/sprite_shiny.png,https://pokeapi.co/api/v2/pokemon/926/
927,dachsbun,dachsbun,generation-ix,167,5,149,fairy,"well-baked-body, aroma-veil","hp: 57, attack: 80, defense: 115, special-attack: 50, special-defense: 80, speed: 95",pokemon/dachsbun/images/sprite_default.png,pokemon/dachsbun/images/sprite_shiny.png,https://pokeapi.co/api/v2/pokemon/927/
928,smoliv,smoliv,generation-ix,52,3,65,"grass, normal","early-bird, harvest","hp: 41, attack: 35, defense: 45, special-attack: 58, special-defense: 51, speed: 30",pokemon/smoliv/images/sprite_default.png,pokemon/smoliv/images/sprite_shiny.png,https://pokeapi.co/api/v2/pokemon/928/
929,dolliv,dolliv,generation-ix,124,6,119,"grass, normal","early-bird, harvest","hp: 52, attack: 53, defense: 60, special-attack: 78, special-defense: 78, speed: 33",pokemon/dolliv/images/sprite_default.png,pokemon/dolliv/images/sprite_shiny.png,https://pokeapi.co/api/v2/pokemon/929/
930,arboliva,arboliva,generation-ix,255,14,482,"grass, normal","seed-sower, harvest","hp: 78, attack: 69, defense: 90, special-attack: 125, special-defense: 109, speed: 39",pokemon/arboliva/images/sprite_default.png,pokemon/arboliva/images/sprite_shiny.png,https://pokeapi.co/api/v2/pokemon/930/
931,squawkabilly-green-plumage,squawkabilly_green_plumage,generation-ix,146,6,24,"normal, flying","intimidate, hustle, guts","hp: 82, attack: 96, defense: 51, special-attack: 45, special-defense: 51, speed: 92",pokemon/squawkabilly_green_plumage/images/sprite_default.png,pokemon/squawkabilly_green_plumage/images/sprite_shiny.png,https://pokeapi.co/api/v2/pokemon/931/
932,nacli,nacli,generation-ix,56,4,160,rock,"purifying-salt, sturdy, clear-body","hp: 55, attack: 55, defense: 75, special-attack: 35, special-defense: 35, speed: 25",pokemon/nacli/images/sprite_default.png,pokemon/nacli/images/sprite_shiny.png,https://pokeapi.co/api/v2/pokemon/932/
933,naclstack,naclstack,generation-ix,124,6,1050,rock,"purifying-salt, sturdy, clear-body","hp: 60, attack: 60, defense: 100, special-attack: 35, special-defense: 65, speed: 35",pokemon/naclstack/images/sprite_default.png,pokemon/naclstack/images/sprite_shiny.png,https://pokeapi.co/api/v2/pokemon/933/
934,garganacl,garganacl,generation-ix,250,23,2400,rock,"purifying-salt, sturdy, clear-body","hp: 100, attack: 100, defense: 130, special-attack: 45, special-defense: 90, speed: 35",pokemon/garganacl/images/sprite_default.png,pokemon/garganacl/images/sprite_shiny.png,https://pokeapi.co/api/v2/pokemon/934/
935,charcadet,charcadet,generation-ix,51,6,105,fire,"flash-fire, flame-body","hp: 40, attack: 50, defense: 40, special-attack: 50, special-defense: 40, speed: 35",pokemon/charcadet/images/sprite_default.png,pokemon/charcadet/images/sprite_shiny.png,https://pokeapi.co/api/v2/pokemon/935/
936,armarouge,armarouge,generation-ix,263,15,850,"fire, psychic","flash-fire, weak-armor","hp: 85, attack: 60, defense: 100, special-attack: 125, special-defense: 80, speed: 75",pokemon/armarouge/images/sprite_default.png,pokemon/armarouge/images/sprite_shiny.png,https://pokeapi.co/api/v2/pokemon/936/
937,ceruledge,ceruledge,generation-ix,263,16,620,"fire, ghost","flash-fire, weak-armor","hp: 75, attack: 125, defense: 80, special-attack: 60, special-defense: 100, speed: 85",pokemon/ceruledge/images/sprite_default.png,pokemon/ceruledge/images/sprite_shiny.png,https://pokeapi.co/api/v2/pokemon/937/
938,tadbulb,tadbulb,generation-ix,54,3,4,electric,"own-tempo, static, damp","hp: 61, attack: 31, defense: 41, special-attack: 59, special-defense: 35, speed: 45",pokemon/tadbulb/images/sprite_default.png,pokemon/tadbulb/images/sprite_shiny.png,https://pokeapi.co/api/v2/pokemon/938/
939,bellibolt,bellibolt,generation-ix,173,12,1130,electric,"electromorphosis, static, damp","hp: 109, attack: 64, defense: 91, special-attack: 103, special-defense: 83, speed: 45",pokemon/bellibolt/images/sprite_default.png,pokemon/bellibolt/images/sprite_shiny.png,https://pokeapi.co/api/v2/pokemon/939/
940,wattrel,wattrel,generation-ix,56,4,36,"electric, flying","wind-power, volt-absorb, competitive","hp: 40, attack: 40, defense: 35, special-attack: 55, special-defense: 40, speed: 70",pokemon/wattrel/images/sprite_default.png,pokemon/wattrel/images/sprite_shiny.png,https://pokeapi.co/api/v2/pokemon/940/
941,kilowattrel,kilowattrel,generation-ix,172,14,386,"electric, flying","wind-power, volt-absorb, competitive","hp: 70, attack: 70, defense: 60, special-attack: 105, special-defense: 60, speed: 125",pokemon/kilowattrel/images/sprite_default.png,pokemon/kilowattrel/images/sprite_shiny.png,https://pokeapi.co/api/v2/pokemon/941/
942,maschiff,maschiff,generation-ix,68,5,160,dark,"intimidate, run-away, stakeout","hp: 60, attack: 78, defense: 60, special-attack: 40, special-defense: 51, speed: 51",pokemon/maschiff/images/sprite_default.png,pokemon/maschiff/images/sprite_shiny.png,https://pokeapi.co/api/v2/pokemon/942/
943,mabosstiff,mabosstiff,generation-ix,177,11,610,dark,"intimidate, guard-dog, stakeout","hp: 80, attack: 120, defense: 90, special-attack: 60, special-defense: 70, speed: 85",pokemon/mabosstiff/images/sprite_default.png,pokemon/mabosstiff/images/sprite_shiny.png,https://pokeapi.co/api/v2/pokemon/943/
944,shroodle,shroodle,generation-ix,58,2,7,"poison, normal","unburden, pickpocket, prankster","hp: 40, attack: 65, defense: 35, special-attack: 40, special-defense: 35, speed: 75",pokemon/shroodle/images/sprite_default.png,pokemon/shroodle/images/sprite_shiny.png,https://pokeapi.co/api/v2/pokemon/944/
945,grafaiai,grafaiai,generation-ix,170,7,272,"poison, normal","unburden, poison-touch, prankster","hp: 63, attack: 95, defense: 65, special-attack: 80, special-defense: 72, speed: 110",pokemon/grafaiai/images/sprite_default.png,pokemon/grafaiai/images/sprite_shiny.png,https://pokeapi.co/api/v2/pokemon/945/
946,bramblin,bramblin,generation-ix,55,6,6,"grass, ghost","wind-rider, infiltrator","hp: 40, attack: 65, defense: 30, special-attack: 45, special-defense: 35, speed: 60",pokemon/bramblin/images/sprite_default.png,pokemon/bramblin/images/sprite_shiny.png,https://pokeapi.co/api/v2/pokemon/946/
947,brambleghast,brambleghast,generation-ix,168,12,60,"grass, ghost","wind-rider, infiltrator","hp: 55, attack: 115, defense: 70, special-attack: 80, special-defense: 70, speed: 90",pokemon/brambleghast/images/sprite_default.png,pokemon/brambleghast/images/sprite_shiny.png,https://pokeapi.co/api/v2/pokemon/947/
948,toedscool,toedscool,generation-ix,67,9,330,"ground, grass","mycelium-might, mycelium-might","hp: 40, attack: 40, defense: 35, special-attack: 50, special-defense: 100, speed: 70",pokemon/toedscool/images/sprite_default.png,pokemon/toedscool/images/sprite_shiny.png,https://pokeapi.co/api/v2/pokemon/948/
949,toedscruel,toedscruel,generation-ix,180,19,580,"ground, grass","mycelium-might, mycelium-might","hp: 80, attack: 70, defense: 65, special-attack: 80, special-defense: 120, speed: 100",pokemon/toedscruel/images/sprite_default.png,pokemon/toedscruel/images/sprite_shiny.png,https://pokeapi.co/api/v2/pokemon/949/
950,klawf,klawf,generation-ix,158,13,790,rock,"anger-shell, shell-armor, regenerator","hp: 70, attack: 100, defense: 115, special-attack: 35, special-defense: 55, speed: 75",pokemon/klawf/images/sprite_default.png,pokemon/klawf/images/sprite_shiny.png,https://pokeapi.co/api/v2/pokemon/950/
951,capsakid,capsakid,generation-ix,61,3,30,grass,"chlorophyll, insomnia, klutz","hp: 50, attack: 62, defense: 40, special-attack: 62, special-defense: 40, speed: 50",pokemon/capsakid/images/sprite_default.png,pokemon/capsakid/images/sprite_shiny.png,https://pokeapi.co/api/v2/pokemon/951/
952,scovillain,scovillain,generation-ix,170,9,150,"grass, fire","chlorophyll, insomnia, moody","hp: 65, attack: 108, defense: 65, special-attack: 108, special-defense: 65, speed: 75",pokemon/scovillain/images/sprite_default.png,pokemon/scovillain/images/sprite_shiny.png,https://pokeapi.co/api/v2/pokemon/952/
953,rellor,rellor,generation-ix,54,2,10,bug,"compound-eyes, shed-skin","hp: 41, attack: 50, defense: 60, special-attack: 31, special-defense: 58, speed: 30",pokemon/rellor/images/sprite_default.png,pokemon/rellor/images/sprite_shiny.png,https://pokeapi.co/api/v2/pokemon/953/
954,rabsca,rabsca,generation-ix,165,3,35,"bug, psychic","synchronize, telepathy","hp: 75, attack: 50, defense: 85, special-attack: 115, special-defense: 100, speed: 45",pokemon/rabsca/images/sprite_default.png,pokemon/rabsca/images/sprite_shiny.png,https://pokeapi.co/api/v2/pokemon/954/
955,flittle,flittle,generation-ix,51,2,15,psychic,"anticipation, frisk, speed-boost","hp: 30, attack: 35, defense: 30, special-attack: 55, special-defense: 30, speed: 75",pokemon/flittle/images/sprite_default.png,pokemon/flittle/images/sprite_shiny.png,https://pokeapi.co/api/v2/pokemon/955/
956,espathra,espathra,generation-ix,168,19,900,psychic,"opportunist, frisk, speed-boost","hp: 95, attack: 60, defense: 60, special-attack: 101, special-defense: 60, speed: 105",pokemon/espathra/images/sprite_default.png,pokemon/espathra/images/sprite_shiny.png,https://pokeapi.co/api/v2/pokemon/956/
957,tinkatink,tinkatink,generation-ix,59,4,89,"fairy, steel","mold-breaker, own-tempo, pickpocket","hp: 50, attack: 45, defense: 45, special-attack: 35, special-defense: 64, speed: 58",pokemon/tinkatink/images/sprite_default.png,pokemon/tinkatink/images/sprite_shiny.png,https://pokeapi.co/api/v2/pokemon/957/
958,tinkatuff,tinkatuff,generation-ix,133,7,591,"fairy, steel","mold-breaker, own-tempo, pickpocket","hp: 65, attack: 55, defense: 55, special-attack: 45, special-defense: 82, speed: 78",pokemon/tinkatuff/images/sprite_default.png,pokemon/tinkatuff/images/sprite_shiny.png,https://pokeapi.co/api/v2/pokemon/958/
959,tinkaton,tinkaton,generation-ix,253,7,1128,"fairy, steel","mold-breaker, own-tempo, pickpocket","hp: 85, attack: 75, defense: 77, special-attack: 70, special-defense: 105, speed: 94",pokemon/tinkaton/images/sprite_default.png,pokemon/tinkaton/images/sprite_shiny.png,https://pokeapi.co/api/v2/pokemon/959/
960,wiglett,wiglett,generation-ix,49,12,18,water,"gooey, rattled, sand-veil","hp: 10, attack: 55, defense: 25, special-attack: 35, special-defense: 25, speed: 95",pokemon/wiglett/images/sprite_default.png,pokemon/wiglett/images/sprite_shiny.png,https://pokeapi.co/api/v2/pokemon/960/
961,wugtrio,wugtrio,generation-ix,149,12,54,water,"gooey, rattled, sand-veil","hp: 35, attack: 100, defense: 50, special-attack: 50, special-defense: 70, speed: 120",pokemon/wugtrio/images/sprite_default.png,pokemon/wugtrio/images/sprite_shiny.png,https://pokeapi.co/api/v2/pokemon/961/
962,bombirdier,bombirdier,generation-ix,243,15,429,"flying, dark","big-pecks, keen-eye, rocky-payload","hp: 70, attack: 103, defense: 85, special-attack: 60, special-defense: 85, speed: 82",pokemon/bombirdier/images/sprite_default.png,pokemon/bombirdier/images/sprite_shiny.png,https://pokeapi.co/api/v2/pokemon/962/
963,finizen,finizen,generation-ix,63,13,602,water,"water-veil, water-veil","hp: 70, attack: 45, defense: 40, special-attack: 45, special-defense: 40, speed: 75",pokemon/finizen/images/sprite_default.png,pokemon/finizen/images/sprite_shiny.png,https://pokeapi.co/api/v2/pokemon/963/
964,palafin-zero,palafin_zero,generation-ix,160,13,602,water,"zero-to-hero, zero-to-hero","hp: 100, attack: 70, defense: 72, special-attack: 53, special-defense: 62, speed: 100",pokemon/palafin_zero/images/sprite_default.png,pokemon/palafin_zero/images/sprite_shiny.png,https://pokeapi.co/api/v2/pokemon/964/
965,varoom,varoom,generation-ix,60,10,350,"steel, poison","overcoat, slow-start","hp: 45, attack: 70, defense: 63, special-attack: 30, special-defense: 45, speed: 47",pokemon/varoom/images/sprite_default.png,pokemon/varoom/images/sprite_shiny.png,https://pokeapi.co/api/v2/pokemon/965/
966,revavroom,revavroom,generation-ix,175,18,1200,"steel, poison","overcoat, filter","hp: 80, attack: 119, defense: 90, special-attack: 54, special-defense: 67, speed: 90",pokemon/revavroom/images/sprite_default.png,pokemon/revavroom/images/sprite_shiny.png,https://pokeapi.co/api/v2/pokemon/966/
967,cyclizar,cyclizar,generation-ix,175,16,630,"dragon, normal","shed-skin, regenerator","hp: 70, attack: 95, defense: 65, special-attack: 85, special-defense: 65, speed: 121",pokemon/cyclizar/images/sprite_default.png,pokemon/cyclizar/images/sprite_shiny.png,https://pokeapi.co/api/v2/pokemon/967/
968,orthworm,orthworm,generation-ix,240,25,3100,steel,"earth-eater, sand-veil","hp: 70, attack: 85, defense: 145, special-attack: 60, special-defense: 55, speed: 65",pokemon/orthworm/images/sprite_default.png,pokemon/orthworm/images/sprite_shiny.png,https://pokeapi.co/api/v2/pokemon/968/
969,glimmet,glimmet,generation-ix,70,7,80,"rock, poison","toxic-debris, corrosion","hp: 48, attack: 35, defense: 42, special-attack: 105, special-defense: 60, speed: 60",pokemon/glimmet/images/sprite_default.png,pokemon/glimmet/images/sprite_shiny.png,https://pokeapi.co/api/v2/pokemon/969/
970,glimmora,glimmora,generation-ix,184,15,450,"rock, poison","toxic-debris, corrosion","hp: 83, attack: 55, defense: 90, special-attack: 130, special-defense: 81, speed: 86",pokemon/glimmora/images/sprite_default.png,pokemon/glimmora/images/sprite_shiny.png,https://pokeapi.co/api/v2/pokemon/970/
971,greavard,greavard,generation-ix,58,6,350,ghost,"pickup, fluffy","hp: 50, attack: 61, defense: 60, special-attack: 30, special-defense: 55, speed: 34",pokemon/greavard/images/sprite_default.png,pokemon/greavard/images/sprite_shiny.png,https://pokeapi.co/api/v2/pokemon/971/
972,houndstone,houndstone,generation-ix,171,20,150,ghost,"sand-rush, fluffy","hp: 72, attack: 101, defense: 100, special-attack: 50, special-defense: 97, speed: 68",pokemon/houndstone/images/sprite_default.png,pokemon/houndstone/images/sprite_shiny.png,https://pokeapi.co/api/v2/pokemon/972/
973,flamigo,flamigo,generation-ix,175,16,370,"flying, fighting","scrappy, tangled-feet, costar","hp: 82, attack: 115, defense: 74, special-attack: 75, special-defense: 64, speed: 90",pokemon/flamigo/images/sprite_default.png,pokemon/flamigo/images/sprite_shiny.png,https://pokeapi.co/api/v2/pokemon/973/
974,cetoddle,cetoddle,generation-ix,67,12,450,ice,"thick-fat, snow-cloak, sheer-force","hp: 108, attack: 68, defense: 45, special-attack: 30, special-defense: 40, speed: 43",pokemon/cetoddle/images/sprite_default.png,pokemon/cetoddle/images/sprite_shiny.png,https://pokeapi.co/api/v2/pokemon/974/
975,cetitan,cetitan,generation-ix,182,45,7000,ice,"thick-fat, slush-rush, sheer-force","hp: 170, attack: 113, defense: 65, special-attack: 45, special-defense: 55, speed: 73",pokemon/cetitan/images/sprite_default.png,pokemon/cetitan/images/sprite_shiny.png,https://pokeapi.co/api/v2/pokemon/975/
976,veluza,veluza,generation-ix,167,25,900,"water, psychic","mold-breaker, sharpness","hp: 90, attack: 102, defense: 73, special-attack: 78, special-defense: 65, speed: 70",pokemon/veluza/images/sprite_default.png,pokemon/veluza/images/sprite_shiny.png,https://pokeapi.co/api/v2/pokemon/976/
977,dondozo,dondozo,generation-ix,265,120,2200,water,"unaware, oblivious, water-veil","hp: 150, attack: 100, defense: 115, special-attack: 65, special-defense: 65, speed: 35",pokemon/dondozo/images/sprite_default.png,pokemon/dondozo/images/sprite_shiny.png,https://pokeapi.co/api/v2/pokemon/977/
978,tatsugiri-curly,tatsugiri_curly,generation-ix,166,3,80,"dragon, water","commander, storm-drain","hp: 68, attack: 50, defense: 60, special-attack: 120, special-defense: 95, speed: 82",pokemon/tatsugiri_curly/images/sprite_default.png,pokemon/tatsugiri_curly/images/sprite_shiny.png,https://pokeapi.co/api/v2/pokemon/978/
979,annihilape,annihilape,generation-ix,268,12,560,"fighting, ghost","vital-spirit, inner-focus, defiant","hp: 110, attack: 115, defense: 80, special-attack: 50, special-defense: 90, speed: 90",pokemon/annihilape/images/sprite_default.png,pokemon/annihilape/images/sprite_shiny.png,https://pokeapi.co/api/v2/pokemon/979/
980,clodsire,clodsire,generation-ix,151,18,2230,"poison, ground","poison-point, water-absorb, unaware","hp: 130, attack: 75, defense: 60, special-attack: 45, special-defense: 100, speed: 20",pokemon/clodsire/images/sprite_default.png,pokemon/clodsire/images/sprite_shiny.png,https://pokeapi.co/api/v2/pokemon/980/
981,farigiraf,farigiraf,generation-ix,260,32,1600,"normal, psychic","cud-chew, armor-tail, sap-sipper","hp: 120, attack: 90, defense: 70, special-attack: 110, special-defense: 70, speed: 60",pokemon/farigiraf/images/sprite_default.png,pokemon/farigiraf/images/sprite_shiny.png,https://pokeapi.co/api/v2/pokemon/981/
982,dudunsparce-two-segment,dudunsparce_two_segment,generation-ix,182,36,392,normal,"serene-grace, run-away, rattled","hp: 125, attack: 100, defense: 80, special-attack: 85, special-defense: 75, speed: 55",pokemon/dudunsparce_two_segment/images/sprite_default.png,pokemon/dudunsparce_two_segment/images/sprite_shiny.png,https://pokeapi.co/api/v2/pokemon/982/
983,kingambit,kingambit,generation-ix,275,20,1200,"dark, steel","defiant, supreme-overlord, pressure","hp: 100, attack: 135, defense: 120, special-attack: 60, special-defense: 85, speed: 50",pokemon/kingambit/images/sprite_default.png,pokemon/kingambit/images/sprite_shiny.png,https://pokeapi.co/api/v2/pokemon/983/
984,great-tusk,great_tusk,generation-ix,285,22,3200,"ground, fighting",protosynthesis,"hp: 115, attack: 131, defense: 131, special-attack: 53, special-defense: 53, speed: 87",pokemon/great_tusk/images/sprite_default.png,pokemon/great_tusk/images/sprite_shiny.png,https://pokeapi.co/api/v2/pokemon/984/
985,scream-tail,scream_tail,generation-ix,285,12,80,"fairy, psychic",protosynthesis,"hp: 115, attack: 65, defense: 99, special-attack: 65, special-defense: 115, speed: 111",pokemon/scream_tail/images/sprite_default.png,pokemon/scream_tail/images/sprite_shiny.png,https://pokeapi.co/api/v2/pokemon/985/
986,brute-bonnet,brute_bonnet,generation-ix,285,12,210,"grass, dark",protosynthesis,"hp: 111, attack: 127, defense: 99, special-attack: 79, special-defense: 99, speed: 55",pokemon/brute_bonnet/images/sprite_default.png,pokemon/brute_bonnet/images/sprite_shiny.png,https://pokeapi.co/api/v2/pokemon/986/
987,flutter-mane,flutter_mane,generation-ix,285,14,40,"ghost, fairy",protosynthesis,"hp: 55, attack: 55, defense: 55, special-attack: 135, special-defense: 135, speed: 135",pokemon/flutter_mane/images/sprite_default.png,pokemon/flutter_mane/images/sprite_shiny.png,https://pokeapi.co/api/v2/pokemon/987/
988,slither-wing,slither_wing,generation-ix,285,32,920,"bug, fighting",protosynthesis,"hp: 85, attack: 135, defense: 79, special-attack: 85, special-defense: 105, speed: 81",pokemon/slither_wing/images/sprite_default.png,pokemon/slither_wing/images/sprite_shiny.png,https://pokeapi.co/api/v2/pokemon/988/
989,sandy-shocks,sandy_shocks,generation-ix,285,23,600,"electric, ground",protosynthesis,"hp: 85, attack: 81, defense: 97, special-attack: 121, special-defense: 85, speed: 101",pokemon/sandy_shocks/images/sprite_default.png,pokemon/sandy_shocks/images/sprite_shiny.png,https://pokeapi.co/api/v2/pokemon/989/
990,iron-treads,iron_treads,generation-ix,285,9,2400,"ground, steel",quark-drive,"hp: 90, attack: 112, defense: 120, special-attack: 72, special-defense: 70, speed: 106",pokemon/iron_treads/images/sprite_default.png,pokemon/iron_treads/images/sprite_shiny.png,https://pokeapi.co/api/v2/pokemon/990/
991,iron-bundle,iron_bundle,generation-ix,285,6,110,"ice, water",quark-drive,"hp: 56, attack: 80, defense: 114, special-attack: 124, special-defense: 60, speed: 136",pokemon/iron_bundle/images/sprite_default.png,pokemon/iron_bundle/images/sprite_shiny.png,https://pokeapi.co/api/v2/pokemon/991/
992,iron-hands,iron_hands,generation-ix,285,18,3807,"fighting, electric",quark-drive,"hp: 154, attack: 140, defense: 108, special-attack: 50, special-defense: 68, speed: 50",pokemon/iron_hands/images/sprite_default.png,pokemon/iron_hands/images/sprite_shiny.png,https://pokeapi.co/api/v2/pokemon/992/
993,iron-jugulis,iron_jugulis,generation-ix,285,13,1110,"dark, flying",quark-drive,"hp: 94, attack: 80, defense: 86, special-attack: 122, special-defense: 80, speed: 108",pokemon/iron_jugulis/images/sprite_default.png,pokemon/iron_jugulis/images/sprite_shiny.png,https://pokeapi.co/api/v2/pokemon/993/
994,iron-moth,iron_moth,generation-ix,285,12,360,"fire, poison",quark-drive,"hp: 80, attack: 70, defense: 60, special-attack: 140, special-defense: 110, speed: 110",pokemon/iron_moth/images/sprite_default.png,pokemon/iron_moth/images/sprite_shiny.png,https://pokeapi.co/api/v2/pokemon/994/
995,iron-thorns,iron_thorns,generation-ix,285,16,3030,"rock, electric",quark-drive,"hp: 100, attack: 134, defense: 110, special-attack: 70, special-defense: 84, speed: 72",pokemon/iron_thorns/images/sprite_default.png,pokemon/iron_thorns/images/sprite_shiny.png,https://pokeapi.co/api/v2/pokemon/995/
996,frigibax,frigibax,generation-ix,64,5,170,"dragon, ice","thermal-exchange, ice-body","hp: 65, attack: 75, defense: 45, special-attack: 35, special-defense: 45, speed: 55",pokemon/frigibax/images/sprite_default.png,pokemon/frigibax/images/sprite_shiny.png,https://pokeapi.co/api/v2/pokemon/996/
997,arctibax,arctibax,generation-ix,148,8,300,"dragon, ice","thermal-exchange, ice-body","hp: 90, attack: 95, defense: 66, special-attack: 45, special-defense: 65, speed: 62",pokemon/arctibax/images/sprite_default.png,pokemon/arctibax/images/sprite_shiny.png,https://pokeapi.co/api/v2/pokemon/997/
998,baxcalibur,baxcalibur,generation-ix,300,21,2100,"dragon, ice","thermal-exchange, ice-body","hp: 115, attack: 145, defense: 92, special-attack: 75, special-defense: 86, speed: 87",pokemon/baxcalibur/images/sprite_default.png,pokemon/baxcalibur/images/sprite_shiny.png,https://pokeapi.co/api/v2/pokemon/998/
999,gimmighoul,gimmighoul,generation-ix,60,3,50,ghost,rattled,"hp: 45, attack: 30, defense: 70, special-attack: 75, special-defense: 70, speed: 10",pokemon/gimmighoul/images/sprite_default.png,pokemon/gimmighoul/images/sprite_shiny.png,https://pokeapi.co/api/v2/pokemon/999/
1000,gholdengo,gholdengo,generation-ix,275,12,300,"steel, ghost",good-as-gold,"hp: 87, attack: 60, defense: 95, special-attack: 133, special-defense: 91, speed: 84",pokemon/gholdengo/images/sprite_default.png,pokemon/gholdengo/images/sprite_shiny.png,https://pokeapi.co/api/v2/pokemon/1000/
1001,wo-chien,wo_chien,generation-ix,285,15,742,"dark, grass",tablets-of-ruin,"hp: 85, attack: 85, defense: 100, special-attack: 95, special-defense: 135, speed: 70",pokemon/wo_chien/images/sprite_default.png,pokemon/wo_chien/images/sprite_shiny.png,https://pokeapi.co/api/v2/pokemon/1001/
1002,chien-pao,chien_pao,generation-ix,285,19,1522,"dark, ice",sword-of-ruin,"hp: 80, attack: 120, defense: 80, special-attack: 90, special-defense: 65, speed: 135",pokemon/chien_pao/images/sprite_default.png,pokemon/chien_pao/images/sprite_shiny.png,https://pokeapi.co/api/v2/pokemon/1002/
1003,ting-lu,ting_lu,generation-ix,285,27,6997,"dark, ground",vessel-of-ruin,"hp: 155, attack: 110, defense: 125, special-attack: 55, special-defense: 80, speed: 45",pokemon/ting_lu/images/sprite_default.png,pokemon/ting_lu/images/sprite_shiny.png,https://pokeapi.co/api/v2/pokemon/1003/
1004,chi-yu,chi_yu,generation-ix,285,4,49,"dark, fire",beads-of-ruin,"hp: 55, attack: 80, defense: 80, special-attack: 135, special-defense: 120, speed: 100",pokemon/chi_yu/images/sprite_default.png,pokemon/chi_yu/images/sprite_shiny.png,https://pokeapi.co/api/v2/pokemon/1004/
1005,roaring-moon,roaring_moon,generation-ix,295,20,3800,"dragon, dark",protosynthesis,"hp: 105, attack: 139, defense: 71, special-attack: 55, special-defense: 101, speed: 119",pokemon/roaring_moon/images/sprite_default.png,pokemon/roaring_moon/images/sprite_shiny.png,https://pokeapi.co/api/v2/pokemon/1005/
1006,iron-valiant,iron_valiant,generation-ix,295,14,350,"fairy, fighting",quark-drive,"hp: 74, attack: 130, defense: 90, special-attack: 120, special-defense: 60, speed: 116",pokemon/iron_valiant/images/sprite_default.png,pokemon/iron_valiant/images/sprite_shiny.png,https://pokeapi.co/api/v2/pokemon/1006/
1007,koraidon,koraidon,generation-ix,335,25,3030,"fighting, dragon",orichalcum-pulse,"hp: 100, attack: 135, defense: 115, special-attack: 85, special-defense: 100, speed: 135",pokemon/koraidon/images/sprite_default.png,pokemon/koraidon/images/sprite_shiny.png,https://pokeapi.co/api/v2/pokemon/1007/
1008,miraidon,miraidon,generation-ix,335,35,2400,"electric, dragon",hadron-engine,"hp: 100, attack: 85, defense: 100, special-attack: 135, special-defense: 115, speed: 135",pokemon/miraidon/images/sprite_default.png,pokemon/miraidon/images/sprite_shiny.png,https://pokeapi.co/api/v2/pokemon/1008/
1009,walking-wake,walking_wake,generation-ix,295,35,2800,"water, dragon",protosynthesis,"hp: 99, attack: 83, defense: 91, special-attack: 125, special-defense: 83, speed: 109",pokemon/walking_wake/images/sprite_default.png,pokemon/walking_wake/images/sprite_shiny.png,https://pokeapi.co/api/v2/pokemon/1009/
1010,iron-leaves,iron_leaves,generation-ix,295,15,1250,"grass, psychic",quark-drive,"hp: 90, attack: 130, defense: 88, special-attack: 70, special-defense: 108, speed: 104",pokemon/iron_leaves/images/sprite_default.png,pokemon/iron_leaves/images/sprite_shiny.png,https://pokeapi.co/api/v2/pokemon/1010/
1011,dipplin,dipplin,generation-ix,170,4,97,"grass, dragon","supersweet-syrup, gluttony, sticky-hold","hp: 80, attack: 80, defense: 110, special-attack: 95, special-defense: 80, speed: 40",pokemon/dipplin/images/sprite_default.png,pokemon/dipplin/images/sprite_shiny.png,https://pokeapi.co/api/v2/pokemon/1011/
1012,poltchageist,poltchageist,generation-ix,62,1,11,"grass, ghost","hospitality, heatproof","hp: 40, attack: 45, defense: 45, special-attack: 74, special-defense: 54, speed: 50",pokemon/poltchageist/images/sprite_default.png,pokemon/poltchageist/images/sprite_shiny.png,https://pokeapi.co/api/v2/pokemon/1012/
1013,sinistcha,sinistcha,generation-ix,178,2,22,"grass, ghost","hospitality, heatproof","hp: 71, attack: 60, defense: 106, special-attack: 121, special-defense: 80, speed: 70",pokemon/sinistcha/images/sprite_default.png,pokemon/sinistcha/images/sprite_shiny.png,https://pokeapi.co/api/v2/pokemon/1013/
1014,okidogi,okidogi,generation-ix,278,18,922,"poison, fighting","toxic-chain, guard-dog","hp: 88, attack: 128, defense: 115, special-attack: 58, special-defense: 86, speed: 80",pokemon/okidogi/images/sprite_default.png,pokemon/okidogi/images/sprite_shiny.png,https://pokeapi.co/api/v2/pokemon/1014/
1015,munkidori,munkidori,generation-ix,278,10,122,"poison, psychic","toxic-chain, frisk","hp: 88, attack: 75, defense: 66, special-attack: 130, special-defense: 90, speed: 106",pokemon/munkidori/images/sprite_default.png,pokemon/munkidori/images/sprite_shiny.png,https://pokeapi.co/api/v2/pokemon/1015/
1016,fezandipiti,fezandipiti,generation-ix,278,14,301,"poison, fairy","toxic-chain, technician","hp: 88, attack: 91, defense: 82, special-attack: 70, special-defense: 125, speed: 99",pokemon/fezandipiti/images/sprite_default.png,pokemon/fezandipiti/images/sprite_shiny.png,https://pokeapi.co/api/v2/pokemon/1016/
1017,ogerpon,ogerpon,generation-ix,275,12,398,grass,defiant,"hp: 80, attack: 120, defense: 84, special-attack: 60, special-defense: 96, speed: 110",pokemon/ogerpon/images/sprite_default.png,pokemon/ogerpon/images/sprite_shiny.png,https://pokeapi.co/api/v2/pokemon/1017/
1018,archaludon,archaludon,generation-ix,300,20,600,"steel, dragon","stamina, sturdy, stalwart","hp: 90, attack: 105, defense: 130, special-attack: 125, special-defense: 65, speed: 85",pokemon/archaludon/images/sprite_default.png,pokemon/archaludon/images/sprite_shiny.png,https://pokeapi.co/api/v2/pokemon/1018/
1019,hydrapple,hydrapple,generation-ix,270,18,930,"grass, dragon","supersweet-syrup, regenerator, sticky-hold","hp: 106, attack: 80, defense: 110, special-attack: 120, special-defense: 80, speed: 44",pokemon/hydrapple/images/sprite_default.png,pokemon/hydrapple/images/sprite_shiny.png,https://pokeapi.co/api/v2/pokemon/1019/
1020,gouging-fire,gouging_fire,generation-ix,295,35,5900,"fire, dragon",protosynthesis,"hp: 105, attack: 115, defense: 121, special-attack: 65, special-defense: 93, speed: 91",pokemon/gouging_fire/images/sprite_default.png,pokemon/gouging_fire/images/sprite_shiny.png,https://pokeapi.co/api/v2/pokemon/1020/
1021,raging-bolt,raging_bolt,generation-ix,295,52,4800,"electric, dragon",protosynthesis,"hp: 125, attack: 73, defense: 91, special-attack: 137, special-defense: 89, speed: 75",pokemon/raging_bolt/images/sprite_default.png,pokemon/raging_bolt/images/sprite_shiny.png,https://pokeapi.co/api/v2/pokemon/1021/
1022,iron-boulder,iron_boulder,generation-ix,295,15,1625,"rock, psychic",quark-drive,"hp: 90, attack: 120, defense: 80, special-attack: 68, special-defense: 108, speed: 124",pokemon/iron_boulder/images/sprite_default.png,pokemon/iron_boulder/images/sprite_shiny.png,https://pokeapi.co/api/v2/pokemon/1022/
1023,iron-crown,iron_crown,generation-ix,295,16,1560,"steel, psychic",quark-drive,"hp: 90, attack: 72, defense: 100, special-attack: 122, special-defense: 108, speed: 98",pokemon/iron_crown/images/sprite_default.png,pokemon/iron_crown/images/sprite_shiny.png,https://pokeapi.co/api/v2/pokemon/1023/
1024,terapagos,terapagos,generation-ix,90,2,65,normal,tera-shift,"hp: 90, attack: 65, defense: 85, special-attack: 65, special-defense: 85, speed: 60",pokemon/terapagos/images/sprite_default.png,pokemon/terapagos/images/sprite_shiny.png,https://pokeapi.co/api/v2/pokemon/1024/
1025,pecharunt,pecharunt,generation-ix,300,3,3,"poison, ghost",poison-puppeteer,"hp: 88, attack: 88, defense: 160, special-attack: 88, special-defense: 88, speed: 88",pokemon/pecharunt/images/sprite_default.png,pokemon/pecharunt/images/sprite_shiny.png,https://pokeapi.co/api/v2/pokemon/1025/
10254,oinkologne-female,oinkologne_female,generation-ix,171,10,1200,normal,"aroma-veil, gluttony, thick-fat","hp: 115, attack: 90, defense: 70, special-attack: 59, special-defense: 90, speed: 65",pokemon/oinkologne_female/images/sprite_default.png,pokemon/oinkologne_female/images/sprite_shiny.png,https://pokeapi.co/api/v2/pokemon/10254/
10255,dudunsparce-three-segment,dudunsparce_three_segment,generation-ix,182,45,474,normal,"serene-grace, run-away, rattled","hp: 125, attack: 100, defense: 80, special-attack: 85, special-defense: 75, speed: 55",pokemon/dudunsparce_three_segment/images/sprite_default.png,pokemon/dudunsparce_three_segment/images/sprite_shiny.png,https://pokeapi.co/api/v2/pokemon/10255/
10256,palafin-hero,palafin_hero,generation-ix,160,18,974,water,"zero-to-hero, zero-to-hero","hp: 100, attack: 160, defense: 97, special-attack: 106, special-defense: 87, speed: 100",pokemon/palafin_hero/images/sprite_default.png,pokemon/palafin_hero/images/sprite_shiny.png,https://pokeapi.co/api/v2/pokemon/10256/
10257,maushold-family-of-three,maushold_family_of_three,generation-ix,165,3,28,normal,"friend-guard, cheek-pouch, technician","hp: 74, attack: 75, defense: 70, special-attack: 65, special-defense: 75, speed: 111",pokemon/maushold_family_of_three/images/sprite_default.png,pokemon/maushold_family_of_three/images/sprite_shiny.png,https://pokeapi.co/api/v2/pokemon/10257/
10258,tatsugiri-droopy,tatsugiri_droopy,generation-ix,166,3,80,"dragon, water","commander, storm-drain","hp: 68, attack: 50, defense: 60, special-attack: 120, special-defense: 95, speed: 82",pokemon/tatsugiri_droopy/images/sprite_default.png,pokemon/tatsugiri_droopy/images/sprite_shiny.png,https://pokeapi.co/api/v2/pokemon/10258/
10259,tatsugiri-stretchy,tatsugiri_stretchy,generation-ix,166,3,80,"dragon, water","commander, storm-drain","hp: 68, attack: 50, defense: 60, special-attack: 120, special-defense: 95, speed: 82",pokemon/tatsugiri_stretchy/images/sprite_default.png,pokemon/tatsugiri_stretchy/images/sprite_shiny.png,https://pokeapi.co/api/v2/pokemon/10259/
10260,squawkabilly-blue-plumage,squawkabilly_blue_plumage,generation-ix,146,6,24,"normal, flying","intimidate, hustle, guts","hp: 82, attack: 96, defense: 51, special-attack: 45, special-defense: 51, speed: 92",pokemon/squawkabilly_blue_plumage/images/sprite_default.png,pokemon/squawkabilly_blue_plumage/images/sprite_shiny.png,https://pokeapi.co/api/v2/pokemon/10260/
10261,squawkabilly-yellow-plumage,squawkabilly_yellow_plumage,generation-ix,146,6,24,"normal, flying","intimidate, hustle, sheer-force","hp: 82, attack: 96, defense: 51, special-attack: 45, special-defense: 51, speed: 92",pokemon/squawkabilly_yellow_plumage/images/sprite_default.png,pokemon/squawkabilly_yellow_plumage/images/sprite_shiny.png,https://pokeapi.co/api/v2/pokemon/10261/
10262,squawkabilly-white-plumage,squawkabilly_white_plumage,generation-ix,146,6,24,"normal, flying","intimidate, hustle, sheer-force","hp: 82, attack: 96, defense: 51, special-attack: 45, special-defense: 51, speed: 92",pokemon/squawkabilly_white_plumage/images/sprite_default.png,pokemon/squawkabilly_white_plumage/images/sprite_shiny.png,https://pokeapi.co/api/v2/pokemon/10262/
10263,gimmighoul-roaming,gimmighoul_roaming,generation-ix,60,1,10,ghost,"run-away, run-away","hp: 45, attack: 30, defense: 25, special-attack: 75, special-defense: 45, speed: 80",pokemon/gimmighoul_roaming/images/sprite_default.png,pokemon/gimmighoul_roaming/images/sprite_shiny.png,https://pokeapi.co/api/v2/pokemon/10263/
10264,koraidon-limited-build,koraidon_limited_build,generation-ix,335,35,3030,"fighting, dragon","orichalcum-pulse, orichalcum-pulse","hp: 100, attack: 135, defense: 115, special-attack: 85, special-defense: 100, speed: 135",,,https://pokeapi.co/api/v2/pokemon/10264/
10265,koraidon-sprinting-build,koraidon_sprinting_build,generation-ix,335,35,3030,"fighting, dragon","orichalcum-pulse, orichalcum-pulse","hp: 100, attack: 135, defense: 115, special-attack: 85, special-defense: 100, speed: 135",,,https://pokeapi.co/api/v2/pokemon/10265/
10266,koraidon-swimming-build,koraidon_swimming_build,generation-ix,335,35,3030,"fighting, dragon","orichalcum-pulse, orichalcum-pulse","hp: 100, attack: 135, defense: 115, special-attack: 85, special-defense: 100, speed: 135",,,https://pokeapi.co/api/v2/pokemon/10266/
10267,koraidon-gliding-build,koraidon_gliding_build,generation-ix,335,35,3030,"fighting, dragon","orichalcum-pulse, orichalcum-pulse","hp: 100, attack: 135, defense: 115, special-attack: 85, special-defense: 100, speed: 135",,,https://pokeapi.co/api/v2/pokemon/10267/
10268,miraidon-low-power-mode,miraidon_low_power_mode,generation-ix,335,28,2400,"electric, dragon","hadron-engine, hadron-engine","hp: 100, attack: 85, defense: 100, special-attack: 135, special-defense: 115, speed: 135",,,https://pokeapi.co/api/v2/pokemon/10268/
10269,miraidon-drive-mode,miraidon_drive_mode,generation-ix,335,28,2400,"electric, dragon","hadron-engine, hadron-engine","hp: 100, attack: 85, defense: 100, special-attack: 135, special-defense: 115, speed: 135",,,https://pokeapi.co/api/v2/pokemon/10269/
10270,miraidon-aquatic-mode,miraidon_aquatic_mode,generation-ix,335,28,2400,"electric, dragon","hadron-engine, hadron-engine","hp: 100, attack: 85, defense: 100, special-attack: 135, special-defense: 115, speed: 135",,,https://pokeapi.co/api/v2/pokemon/10270/
10271,miraidon-glide-mode,miraidon_glide_mode,generation-ix,335,28,2400,"electric, dragon","hadron-engine, hadron-engine","hp: 100, attack: 85, defense: 100, special-attack: 135, special-defense: 115, speed: 135",,,https://pokeapi.co/api/v2/pokemon/10271/
10273,ogerpon-wellspring-mask,ogerpon_wellspring_mask,generation-ix,275,12,398,"grass, water",water-absorb,"hp: 80, attack: 120, defense: 84, special-attack: 60, special-defense: 96, speed: 110",pokemon/ogerpon_wellspring_mask/images/sprite_default.png,pokemon/ogerpon_wellspring_mask/images/sprite_shiny.png,https://pokeapi.co/api/v2/pokemon/10273/
10274,ogerpon-hearthflame-mask,ogerpon_hearthflame_mask,generation-ix,275,12,398,"grass, fire",mold-breaker,"hp: 80, attack: 120, defense: 84, special-attack: 60, special-defense: 96, speed: 110",pokemon/ogerpon_hearthflame_mask/images/sprite_default.png,pokemon/ogerpon_hearthflame_mask/images/sprite_shiny.png,https://pokeapi.co/api/v2/pokemon/10274/
10275,ogerpon-cornerstone-mask,ogerpon_cornerstone_mask,generation-ix,275,12,398,"grass, rock",sturdy,"hp: 80, attack: 120, defense: 84, special-attack: 60, special-defense: 96, speed: 110",pokemon/ogerpon_cornerstone_mask/images/sprite_default.png,pokemon/ogerpon_cornerstone_mask/images/sprite_shiny.png,https://pokeapi.co/api/v2/pokemon/10275/
10276,terapagos-terastal,terapagos_terastal,generation-ix,90,3,160,normal,tera-shell,"hp: 95, attack: 95, defense: 110, special-attack: 105, special-defense: 110, speed: 85",pokemon/terapagos_terastal/images/sprite_default.png,pokemon/terapagos_terastal/images/sprite_shiny.png,https://pokeapi.co/api/v2/pokemon/10276/
10277,terapagos-stellar,terapagos_stellar,generation-ix,90,17,770,normal,teraform-zero,"hp: 160, attack: 105, defense: 110, special-attack: 130, special-defense: 110, speed: 85",pokemon/terapagos_stellar/images/sprite_default.png,pokemon/terapagos_stellar/images/sprite_shiny.png,https://pokeapi.co/api/v2/pokemon/10277/
