pokemon_id,pokemon_name,pokemon_slug,generation,game,sprite_kind,image,sourceUrl
1,bulbasaur,bulbasaur,generation-iii,emerald,front_default,pokemon/bulbasaur/images/geniii_emerald_front_default.png,https://raw.githubusercontent.com/PokeAPI/sprites/master/sprites/pokemon/versions/generation-iii/emerald/1.png
2,ivysaur,ivysaur,generation-iii,emerald,front_default,pokemon/ivysaur/images/geniii_emerald_front_default.png,https://raw.githubusercontent.com/PokeAPI/sprites/master/sprites/pokemon/versions/generation-iii/emerald/2.png
3,venusaur,venusaur,generation-iii,emerald,front_default,pokemon/venusaur/images/geniii_emerald_front_default.png,https://raw.githubusercontent.com/PokeAPI/sprites/master/sprites/pokemon/versions/generation-iii/emerald/3.png
4,charmander,charmander,generation-iii,emerald,front_default,pokemon/charmander/images/geniii_emerald_front_default.png,https://raw.githubusercontent.com/PokeAPI/sprites/master/sprites/pokemon/versions/generation-iii/emerald/4.png
5,charmeleon,charmeleon,generation-iii,emerald,front_default,pokemon/charmeleon/images/geniii_emerald_front_default.png,https://raw.githubusercontent.com/PokeAPI/sprites/master/sprites/pokemon/versions/generation-iii/emerald/5.png
6,charizard,charizard,generation-iii,emerald,front_default,pokemon/charizard/images/geniii_emerald_front_default.png,https://raw.githubusercontent.com/PokeAPI/sprites/master/sprites/pokemon/versions/generation-iii/emerald/6.png
7,squirtle,squirtle,generation-iii,emerald,front_default,pokemon/squirtle/images/geniii_emerald_front_default.png,https://raw.githubusercontent.com/PokeAPI/sprites/master/sprites/pokemon/versions/generation-iii/emerald/7.png
8,wartortle,wartortle,generation-iii,emerald,front_default,pokemon/wartortle/images/geniii_emerald_front_default.png,https://raw.githubusercontent.com/PokeAPI/sprites/master/sprites/pokemon/versions/generation-iii/emerald/8.png
9,blastoise,blastoise,generation-iii,emerald,front_default,pokemon/blastoise/images/geniii_emerald_front_default.png,https://raw.githubusercontent.com/PokeAPI/sprites/master/sprites/pokemon/versions/generation-iii/emerald/9.png
10,caterpie,caterpie,generation-iii,emerald,front_default,pokemon/caterpie/images/geniii_emerald_front_default.png,https://raw.githubusercontent.com/PokeAPI/sprites/master/sprites/pokemon/versions/generation-iii/emerald/10.png
11,metapod,metapod,generation-iii,emerald,front_default,pokemon/metapod/images/geniii_emerald_front_default.png,https://raw.githubusercontent.com/PokeAPI/sprites/master/sprites/pokemon/versions/generation-iii/emerald/11.png
12,butterfree,butterfree,generation-iii,emerald,front_default,pokemon/butterfree/images/geniii_emerald_front_default.png,https://raw.githubusercontent.com/PokeAPI/sprites/master/sprites/pokemon/versions/generation-iii/emerald/12.png
13,weedle,weedle,generation-iii,emerald,front_default,pokemon/weedle/images/geniii_emerald_front_default.png,https://raw.githubusercontent.com/PokeAPI/sprites/master/sprites/pokemon/versions/generation-iii/emerald/13.png
14,kakuna,kakuna,generation-iii,emerald,front_default,pokemon/kakuna/images/geniii_emerald_front_default.png,https://raw.githubusercontent.com/PokeAPI/sprites/master/sprites/pokemon/versions/generation-iii/emerald/14.png
15,beedrill,beedrill,generation-iii,emerald,front_default,pokemon/beedrill/images/geniii_emerald_front_default.png,https://raw.githubusercontent.com/PokeAPI/sprites/master/sprites/pokemon/versions/generation-iii/emerald/15.png
16,pidgey,pidgey,generation-iii,emerald,front_default,pokemon/pidgey/images/geniii_emerald_front_default.png,https://raw.githubusercontent.com/PokeAPI/sprites/master/sprites/pokemon/versions/generation-iii/emerald/16.png
17,pidgeotto,pidgeotto,generation-iii,emerald,front_default,pokemon/pidgeotto/images/geniii_emerald_front_default.png,https://raw.githubusercontent.com/PokeAPI/sprites/master/sprites/pokemon/versions/generation-iii/emerald/17.png
18,pidgeot,pidgeot,generation-iii,emerald,front_default,pokemon/pidgeot/images/geniii_emerald_front_default.png,https://raw.githubusercontent.com/PokeAPI/sprites/master/sprites/pokemon/versions/generation-iii/emerald/18.png
19,rattata,rattata,generation-iii,emerald,front_default,pokemon/rattata/images/geniii_emerald_front_default.png,https://raw.githubusercontent.com/PokeAPI/sprites/master/sprites/pokemon/versions/generation-iii/emerald/19.png
20,raticate,raticate,generation-iii,emerald,front_default,pokemon/raticate/images/geniii_emerald_front_default.png,https://raw.githubusercontent.com/PokeAPI/sprites/master/sprites/pokemon/versions/generation-iii/emerald/20.png
21,spearow,spearow,generation-iii,emerald,front_default,pokemon/spearow/images/geniii_emerald_front_default.png,https://raw.githubusercontent.com/PokeAPI/sprites/master/sprites/pokemon/versions/generation-iii/emerald/21.png
22,fearow,fearow,generation-iii,emerald,front_default,pokemon/fearow/images/geniii_emerald_front_default.png,https://raw.githubusercontent.com/PokeAPI/sprites/master/sprites/pokemon/versions/generation-iii/emerald/22.png
23,ekans,ekans,generation-iii,emerald,front_default,pokemon/ekans/images/geniii_emerald_front_default.png,https://raw.githubusercontent.com/PokeAPI/sprites/master/sprites/pokemon/versions/generation-iii/emerald/23.png
24,arbok,arbok,generation-iii,emerald,front_default,pokemon/arbok/images/geniii_emerald_front_default.png,https://raw.githubusercontent.com/PokeAPI/sprites/master/sprites/pokemon/versions/generation-iii/emerald/24.png
25,pikachu,pikachu,generation-iii,emerald,front_default,pokemon/pikachu/images/geniii_emerald_front_default.png,https://raw.githubusercontent.com/PokeAPI/sprites/master/sprites/pokemon/versions/generation-iii/emerald/25.png
26,raichu,raichu,generation-iii,emerald,front_default,pokemon/raichu/images/geniii_emerald_front_default.png,https://raw.githubusercontent.com/PokeAPI/sprites/master/sprites/pokemon/versions/generation-iii/emerald/26.png
27,sandshrew,sandshrew,generation-iii,emerald,front_default,pokemon/sandshrew/images/geniii_emerald_front_default.png,https://raw.githubusercontent.com/PokeAPI/sprites/master/sprites/pokemon/versions/generation-iii/emerald/27.png
28,sandslash,sandslash,generation-iii,emerald,front_default,pokemon/sandslash/images/geniii_emerald_front_default.png,https://raw.githubusercontent.com/PokeAPI/sprites/master/sprites/pokemon/versions/generation-iii/emerald/28.png
29,nidoran-f,nidoran_f,generation-iii,emerald,front_default,pokemon/nidoran_f/images/geniii_emerald_front_default.png,https://raw.githubusercontent.com/PokeAPI/sprites/master/sprites/pokemon/versions/generation-iii/emerald/29.png
30,nidorina,nidorina,generation-iii,emerald,front_default,pokemon/nidorina/images/geniii_emerald_front_default.png,https://raw.githubusercontent.com/PokeAPI/sprites/master/sprites/pokemon/versions/generation-iii/emerald/30.png
31,nidoqueen,nidoqueen,generation-iii,emerald,front_default,pokemon/nidoqueen/images/geniii_emerald_front_default.png,https://raw.githubusercontent.com/PokeAPI/sprites/master/sprites/pokemon/versions/generation-iii/emerald/31.png
32,nidoran-m,nidoran_m,generation-iii,emerald,front_default,pokemon/nidoran_m/images/geniii_emerald_front_default.png,https://raw.githubusercontent.com/PokeAPI/sprites/master/sprites/pokemon/versions/generation-iii/emerald/32.png
33,nidorino,nidorino,generation-iii,emerald,front_default,pokemon/nidorino/images/geniii_emerald_front_default.png,https://raw.githubusercontent.com/PokeAPI/sprites/master/sprites/pokemon/versions/generation-iii/emerald/33.png
34,nidoking,nidoking,generation-iii,emerald,front_default,pokemon/nidoking/images/geniii_emerald_front_default.png,https://raw.githubusercontent.com/PokeAPI/sprites/master/sprites/pokemon/versions/generation-iii/emerald/34.png
35,clefairy,clefairy,generation-iii,emerald,front_default,pokemon/clefairy/images/geniii_emerald_front_default.png,https://raw.githubusercontent.com/PokeAPI/sprites/master/sprites/pokemon/versions/generation-iii/emerald/35.png
36,clefable,clefable,generation-iii,emerald,front_default,pokemon/clefable/images/geniii_emerald_front_default.png,https://raw.githubusercontent.com/PokeAPI/sprites/master/sprites/pokemon/versions/generation-iii/emerald/36.png
37,vulpix,vulpix,generation-iii,emerald,front_default,pokemon/vulpix/images/geniii_emerald_front_default.png,https://raw.githubusercontent.com/PokeAPI/sprites/master/sprites/pokemon/versions/generation-iii/emerald/37.png
38,ninetales,ninetales,generation-iii,emerald,front_default,pokemon/ninetales/images/geniii_emerald_front_default.png,https://raw.githubusercontent.com/PokeAPI/sprites/master/sprites/pokemon/versions/generation-iii/emerald/38.png
39,jigglypuff,jigglypuff,generation-iii,emerald,front_default,pokemon/jigglypuff/images/geniii_emerald_front_default.png,https://raw.githubusercontent.com/PokeAPI/sprites/master/sprites/pokemon/versions/generation-iii/emerald/39.png
40,wigglytuff,wigglytuff,generation-iii,emerald,front_default,pokemon/wigglytuff/images/geniii_emerald_front_default.png,https://raw.githubusercontent.com/PokeAPI/sprites/master/sprites/pokemon/versions/generation-iii/emerald/40.png
41,zubat,zubat,generation-iii,emerald,front_default,pokemon/zubat/images/geniii_emerald_front_default.png,https://raw.githubusercontent.com/PokeAPI/sprites/master/sprites/pokemon/versions/generation-iii/emerald/41.png
42,golbat,golbat,generation-iii,emerald,front_default,pokemon/golbat/images/geniii_emerald_front_default.png,https://raw.githubusercontent.com/PokeAPI/sprites/master/sprites/pokemon/versions/generation-iii/emerald/42.png
43,oddish,oddish,generation-iii,emerald,front_default,pokemon/oddish/images/geniii_emerald_front_default.png,https://raw.githubusercontent.com/PokeAPI/sprites/master/sprites/pokemon/versions/generation-iii/emerald/43.png
44,gloom,gloom,generation-iii,emerald,front_default,pokemon/gloom/images/geniii_emerald_front_default.png,https://raw.githubusercontent.com/PokeAPI/sprites/master/sprites/pokemon/versions/generation-iii/emerald/44.png
45,vileplume,vileplume,generation-iii,emerald,front_default,pokemon/vileplume/images/geniii_emerald_front_default.png,https://raw.githubusercontent.com/PokeAPI/sprites/master/sprites/pokemon/versions/generation-iii/emerald/45.png
46,paras,paras,generation-iii,emerald,front_default,pokemon/paras/images/geniii_emerald_front_default.png,https://raw.githubusercontent.com/PokeAPI/sprites/master/sprites/pokemon/versions/generation-iii/emerald/46.png
47,parasect,parasect,generation-iii,emerald,front_default,pokemon/parasect/images/geniii_emerald_front_default.png,https://raw.githubusercontent.com/PokeAPI/sprites/master/sprites/pokemon/versions/generation-iii/emerald/47.png
48,venonat,venonat,generation-iii,emerald,front_default,pokemon/venonat/images/geniii_emerald_front_default.png,https://raw.githubusercontent.com/PokeAPI/sprites/master/sprites/pokemon/versions/generation-iii/emerald/48.png
49,venomoth,venomoth,generation-iii,emerald,front_default,pokemon/venomoth/images/geniii_emerald_front_default.png,https://raw.githubusercontent.com/PokeAPI/sprites/master/sprites/pokemon/versions/generation-iii/emerald/49.png
50,diglett,diglett,generation-iii,emerald,front_default,pokemon/diglett/images/geniii_emerald_front_default.png,https://raw.githubusercontent.com/PokeAPI/sprites/master/sprites/pokemon/versions/generation-iii/emerald/50.png
51,dugtrio,dugtrio,generation-iii,emerald,front_default,pokemon/dugtrio/images/geniii_emerald_front_default.png,https://raw.githubusercontent.com/PokeAPI/sprites/master/sprites/pokemon/versions/generation-iii/emerald/51.png
52,meowth,meowth,generation-iii,emerald,front_default,pokemon/meowth/images/geniii_emerald_front_default.png,https://raw.githubusercontent.com/PokeAPI/sprites/master/sprites/pokemon/versions/generation-iii/emerald/52.png
53,persian,persian,generation-iii,emerald,front_default,pokemon/persian/images/geniii_emerald_front_default.png,https://raw.githubusercontent.com/PokeAPI/sprites/master/sprites/pokemon/versions/generation-iii/emerald/53.png
54,psyduck,psyduck,generation-iii,emerald,front_default,pokemon/psyduck/images/geniii_emerald_front_default.png,https://raw.githubusercontent.com/PokeAPI/sprites/master/sprites/pokemon/versions/generation-iii/emerald/54.png
55,golduck,golduck,generation-iii,emerald,front_default,pokemon/golduck/images/geniii_emerald_front_default.png,https://raw.githubusercontent.com/PokeAPI/sprites/master/sprites/pokemon/versions/generation-iii/emerald/55.png
56,mankey,mankey,generation-iii,emerald,front_default,pokemon/mankey/images/geniii_emerald_front_default.png,https://raw.githubusercontent.com/PokeAPI/sprites/master/sprites/pokemon/versions/generation-iii/emerald/56.png
57,primeape,primeape,generation-iii,emerald,front_default,pokemon/primeape/images/geniii_emerald_front_default.png,https://raw.githubusercontent.com/PokeAPI/sprites/master/sprites/pokemon/versions/generation-iii/emerald/57.png
58,growlithe,growlithe,generation-iii,emerald,front_default,pokemon/growlithe/images/geniii_emerald_front_default.png,https://raw.githubusercontent.com/PokeAPI/sprites/master/sprites/pokemon/versions/generation-iii/emerald/58.png
59,arcanine,arcanine,generation-iii,emerald,front_default,pokemon/arcanine/images/geniii_emerald_front_default.png,https://raw.githubusercontent.com/PokeAPI/sprites/master/sprites/pokemon/versions/generation-iii/emerald/59.png
60,poliwag,poliwag,generation-iii,emerald,front_default,pokemon/poliwag/images/geniii_emerald_front_default.png,https://raw.githubusercontent.com/PokeAPI/sprites/master/sprites/pokemon/versions/generation-iii/emerald/60.png
61,poliwhirl,poliwhirl,generation-iii,emerald,front_default,pokemon/poliwhirl/images/geniii_emerald_front_default.png,https://raw.githubusercontent.com/PokeAPI/sprites/master/sprites/pokemon/versions/generation-iii/emerald/61.png
62,poliwrath,poliwrath,generation-iii,emerald,front_default,pokemon/poliwrath/images/geniii_emerald_front_default.png,https://raw.githubusercontent.com/PokeAPI/sprites/master/sprites/pokemon/versions/generation-iii/emerald/62.png
63,abra,abra,generation-iii,emerald,front_default,pokemon/abra/images/geniii_emerald_front_default.png,https://raw.githubusercontent.com/PokeAPI/sprites/master/sprites/pokemon/versions/generation-iii/emerald/63.png
64,kadabra,kadabra,generation-iii,emerald,front_default,pokemon/kadabra/images/geniii_emerald_front_default.png,https://raw.githubusercontent.com/PokeAPI/sprites/master/sprites/pokemon/versions/generation-iii/emerald/64.png
65,alakazam,alakazam,generation-iii,emerald,front_default,pokemon/alakazam/images/geniii_emerald_front_default.png,https://raw.githubusercontent.com/PokeAPI/sprites/master/sprites/pokemon/versions/generation-iii/emerald/65.png
66,machop,machop,generation-iii,emerald,front_default,pokemon/machop/images/geniii_emerald_front_default.png,https://raw.githubusercontent.com/PokeAPI/sprites/master/sprites/pokemon/versions/generation-iii/emerald/66.png
67,machoke,machoke,generation-iii,emerald,front_default,pokemon/machoke/images/geniii_emerald_front_default.png,https://raw.githubusercontent.com/PokeAPI/sprites/master/sprites/pokemon/versions/generation-iii/emerald/67.png
68,machamp,machamp,generation-iii,emerald,front_default,pokemon/machamp/images/geniii_emerald_front_default.png,https://raw.githubusercontent.com/PokeAPI/sprites/master/sprites/pokemon/versions/generation-iii/emerald/68.png
69,bellsprout,bellsprout,generation-iii,emerald,front_default,pokemon/bellsprout/images/geniii_emerald_front_default.png,https://raw.githubusercontent.com/PokeAPI/sprites/master/sprites/pokemon/versions/generation-iii/emerald/69.png
70,weepinbell,weepinbell,generation-iii,emerald,front_default,pokemon/weepinbell/images/geniii_emerald_front_default.png,https://raw.githubusercontent.com/PokeAPI/sprites/master/sprites/pokemon/versions/generation-iii/emerald/70.png
71,victreebel,victreebel,generation-iii,emerald,front_default,pokemon/victreebel/images/geniii_emerald_front_default.png,https://raw.githubusercontent.com/PokeAPI/sprites/master/sprites/pokemon/versions/generation-iii/emerald/71.png
72,tentacool,tentacool,generation-iii,emerald,front_default,pokemon/tentacool/images/geniii_emerald_front_default.png,https://raw.githubusercontent.com/PokeAPI/sprites/master/sprites/pokemon/versions/generation-iii/emerald/72.png
73,tentacruel,tentacruel,generation-iii,emerald,front_default,pokemon/tentacruel/images/geniii_emerald_front_default.png,https://raw.githubusercontent.com/PokeAPI/sprites/master/sprites/pokemon/versions/generation-iii/emerald/73.png
74,geodude,geodude,generation-iii,emerald,front_default,pokemon/geodude/images/geniii_emerald_front_default.png,https://raw.githubusercontent.com/PokeAPI/sprites/master/sprites/pokemon/versions/generation-iii/emerald/74.png
75,graveler,graveler,generation-iii,emerald,front_default,pokemon/graveler/images/geniii_emerald_front_default.png,https://raw.githubusercontent.com/PokeAPI/sprites/master/sprites/pokemon/versions/generation-iii/emerald/75.png
76,golem,golem,generation-iii,emerald,front_default,pokemon/golem/images/geniii_emerald_front_default.png,https://raw.githubusercontent.com/PokeAPI/sprites/master/sprites/pokemon/versions/generation-iii/emerald/76.png
77,ponyta,ponyta,generation-iii,emerald,front_default,pokemon/ponyta/images/geniii_emerald_front_default.png,https://raw.githubusercontent.com/PokeAPI/sprites/master/sprites/pokemon/versions/generation-iii/emerald/77.png
78,rapidash,rapidash,generation-iii,emerald,front_default,pokemon/rapidash/images/geniii_emerald_front_default.png,https://raw.githubusercontent.com/PokeAPI/sprites/master/sprites/pokemon/versions/generation-iii/emerald/78.png
79,slowpoke,slowpoke,generation-iii,emerald,front_default,pokemon/slowpoke/images/geniii_emerald_front_default.png,https://raw.githubusercontent.com/PokeAPI/sprites/master/sprites/pokemon/versions/generation-iii/emerald/79.png
80,slowbro,slowbro,generation-iii,emerald,front_default,pokemon/slowbro/images/geniii_emerald_front_default.png,https://raw.githubusercontent.com/PokeAPI/sprites/master/sprites/pokemon/versions/generation-iii/emerald/80.png
81,magnemite,magnemite,generation-iii,emerald,front_default,pokemon/magnemite/images/geniii_emerald_front_default.png,https://raw.githubusercontent.com/PokeAPI/sprites/master/sprites/pokemon/versions/generation-iii/emerald/81.png
82,magneton,magneton,generation-iii,emerald,front_default,pokemon/magneton/images/geniii_emerald_front_default.png,https://raw.githubusercontent.com/PokeAPI/sprites/master/sprites/pokemon/versions/generation-iii/emerald/82.png
83,farfetchd,farfetchd,generation-iii,emerald,front_default,pokemon/farfetchd/images/geniii_emerald_front_default.png,https://raw.githubusercontent.com/PokeAPI/sprites/master/sprites/pokemon/versions/generation-iii/emerald/83.png
84,doduo,doduo,generation-iii,emerald,front_default,pokemon/doduo/images/geniii_emerald_front_default.png,https://raw.githubusercontent.com/PokeAPI/sprites/master/sprites/pokemon/versions/generation-iii/emerald/84.png
85,dodrio,dodrio,generation-iii,emerald,front_default,pokemon/dodrio/images/geniii_emerald_front_default.png,https://raw.githubusercontent.com/PokeAPI/sprites/master/sprites/pokemon/versions/generation-iii/emerald/85.png
86,seel,seel,generation-iii,emerald,front_default,pokemon/seel/images/geniii_emerald_front_default.png,https://raw.githubusercontent.com/PokeAPI/sprites/master/sprites/pokemon/versions/generation-iii/emerald/86.png
87,dewgong,dewgong,generation-iii,emerald,front_default,pokemon/dewgong/images/geniii_emerald_front_default.png,https://raw.githubusercontent.com/PokeAPI/sprites/master/sprites/pokemon/versions/generation-iii/emerald/87.png
88,grimer,grimer,generation-iii,emerald,front_default,pokemon/grimer/images/geniii_emerald_front_default.png,https://raw.githubusercontent.com/PokeAPI/sprites/master/sprites/pokemon/versions/generation-iii/emerald/88.png
89,muk,muk,generation-iii,emerald,front_default,pokemon/muk/images/geniii_emerald_front_default.png,https://raw.githubusercontent.com/PokeAPI/sprites/master/sprites/pokemon/versions/generation-iii/emerald/89.png
90,shellder,shellder,generation-iii,emerald,front_default,pokemon/shellder/images/geniii_emerald_front_default.png,https://raw.githubusercontent.com/PokeAPI/sprites/master/sprites/pokemon/versions/generation-iii/emerald/90.png
91,cloyster,cloyster,generation-iii,emerald,front_default,pokemon/cloyster/images/geniii_emerald_front_default.png,https://raw.githubusercontent.com/PokeAPI/sprites/master/sprites/pokemon/versions/generation-iii/emerald/91.png
92,gastly,gastly,generation-iii,emerald,front_default,pokemon/gastly/images/geniii_emerald_front_default.png,https://raw.githubusercontent.com/PokeAPI/sprites/master/sprites/pokemon/versions/generation-iii/emerald/92.png
93,haunter,haunter,generation-iii,emerald,front_default,pokemon/haunter/images/geniii_emerald_front_default.png,https://raw.githubusercontent.com/PokeAPI/sprites/master/sprites/pokemon/versions/generation-iii/emerald/93.png
94,gengar,gengar,generation-iii,emerald,front_default,pokemon/gengar/images/geniii_emerald_front_default.png,https://raw.githubusercontent.com/PokeAPI/sprites/master/sprites/pokemon/versions/generation-iii/emerald/94.png
95,onix,onix,generation-iii,emerald,front_default,pokemon/onix/images/geniii_emerald_front_default.png,https://raw.githubusercontent.com/PokeAPI/sprites/master/sprites/pokemon/versions/generation-iii/emerald/95.png
96,drowzee,drowzee,generation-iii,emerald,front_default,pokemon/drowzee/images/geniii_emerald_front_default.png,https://raw.githubusercontent.com/PokeAPI/sprites/master/sprites/pokemon/versions/generation-iii/emerald/96.png
97,hypno,hypno,generation-iii,emerald,front_default,pokemon/hypno/images/geniii_emerald_front_default.png,https://raw.githubusercontent.com/PokeAPI/sprites/master/sprites/pokemon/versions/generation-iii/emerald/97.png
98,krabby,krabby,generation-iii,emerald,front_default,pokemon/krabby/images/geniii_emerald_front_default.png,https://raw.githubusercontent.com/PokeAPI/sprites/master/sprites/pokemon/versions/generation-iii/emerald/98.png
99,kingler,kingler,generation-iii,emerald,front_default,pokemon/kingler/images/geniii_emerald_front_default.png,https://raw.githubusercontent.com/PokeAPI/sprites/master/sprites/pokemon/versions/generation-iii/emerald/99.png
100,voltorb,voltorb,generation-iii,emerald,front_default,pokemon/voltorb/images/geniii_emerald_front_default.png,https://raw.githubusercontent.com/PokeAPI/sprites/master/sprites/pokemon/versions/generation-iii/emerald/100.png
101,electrode,electrode,generation-iii,emerald,front_default,pokemon/electrode/images/geniii_emerald_front_default.png,https://raw.githubusercontent.com/PokeAPI/sprites/master/sprites/pokemon/versions/generation-iii/emerald/101.png
102,exeggcute,exeggcute,generation-iii,emerald,front_default,pokemon/exeggcute/images/geniii_emerald_front_default.png,https://raw.githubusercontent.com/PokeAPI/sprites/master/sprites/pokemon/versions/generation-iii/emerald/102.png
103,exeggutor,exeggutor,generation-iii,emerald,front_default,pokemon/exeggutor/images/geniii_emerald_front_default.png,https://raw.githubusercontent.com/PokeAPI/sprites/master/sprites/pokemon/versions/generation-iii/emerald/103.png
104,cubone,cubone,generation-iii,emerald,front_default,pokemon/cubone/images/geniii_emerald_front_default.png,https://raw.githubusercontent.com/PokeAPI/sprites/master/sprites/pokemon/versions/generation-iii/emerald/104.png
105,marowak,marowak,generation-iii,emerald,front_default,pokemon/marowak/images/geniii_emerald_front_default.png,https://raw.githubusercontent.com/PokeAPI/sprites/master/sprites/pokemon/versions/generation-iii/emerald/105.png
106,hitmonlee,hitmonlee,generation-iii,emerald,front_default,pokemon/hitmonlee/images/geniii_emerald_front_default.png,https://raw.githubusercontent.com/PokeAPI/sprites/master/sprites/pokemon/versions/generation-iii/emerald/106.png
107,hitmonchan,hitmonchan,generation-iii,emerald,front_default,pokemon/hitmonchan/images/geniii_emerald_front_default.png,https://raw.githubusercontent.com/PokeAPI/sprites/master/sprites/pokemon/versions/generation-iii/emerald/107.png
108,lickitung,lickitung,generation-iii,emerald,front_default,pokemon/lickitung/images/geniii_emerald_front_default.png,https://raw.githubusercontent.com/PokeAPI/sprites/master/sprites/pokemon/versions/generation-iii/emerald/108.png
109,koffing,koffing,generation-iii,emerald,front_default,pokemon/koffing/images/geniii_emerald_front_default.png,https://raw.githubusercontent.com/PokeAPI/sprites/master/sprites/pokemon/versions/generation-iii/emerald/109.png
110,weezing,weezing,generation-iii,emerald,front_default,pokemon/weezing/images/geniii_emerald_front_default.png,https://raw.githubusercontent.com/PokeAPI/sprites/master/sprites/pokemon/versions/generation-iii/emerald/110.png
111,rhyhorn,rhyhorn,generation-iii,emerald,front_default,pokemon/rhyhorn/images/geniii_emerald_front_default.png,https://raw.githubusercontent.com/PokeAPI/sprites/master/sprites/pokemon/versions/generation-iii/emerald/111.png
112,rhydon,rhydon,generation-iii,emerald,front_default,pokemon/rhydon/images/geniii_emerald_front_default.png,https://raw.githubusercontent.com/PokeAPI/sprites/master/sprites/pokemon/versions/generation-iii/emerald/112.png
113,chansey,chansey,generation-iii,emerald,front_default,pokemon/chansey/images/geniii_emerald_front_default.png,https://raw.githubusercontent.com/PokeAPI/sprites/master/sprites/pokemon/versions/generation-iii/emerald/113.png
114,tangela,tangela,generation-iii,emerald,front_default,pokemon/tangela/images/geniii_emerald_front_default.png,https://raw.githubusercontent.com/PokeAPI/sprites/master/sprites/pokemon/versions/generation-iii/emerald/114.png
115,kangaskhan,kangaskhan,generation-iii,emerald,front_default,pokemon/kangaskhan/images/geniii_emerald_front_default.png,https://raw.githubusercontent.com/PokeAPI/sprites/master/sprites/pokemon/versions/generation-iii/emerald/115.png
116,horsea,horsea,generation-iii,emerald,front_default,pokemon/horsea/images/geniii_emerald_front_default.png,https://raw.githubusercontent.com/PokeAPI/sprites/master/sprites/pokemon/versions/generation-iii/emerald/116.png
117,seadra,seadra,generation-iii,emerald,front_default,pokemon/seadra/images/geniii_emerald_front_default.png,https://raw.githubusercontent.com/PokeAPI/sprites/master/sprites/pokemon/versions/generation-iii/emerald/117.png
118,goldeen,goldeen,generation-iii,emerald,front_default,pokemon/goldeen/images/geniii_emerald_front_default.png,https://raw.githubusercontent.com/PokeAPI/sprites/master/sprites/pokemon/versions/generation-iii/emerald/118.png
119,seaking,seaking,generation-iii,emerald,front_default,pokemon/seaking/images/geniii_emerald_front_default.png,https://raw.githubusercontent.com/PokeAPI/sprites/master/sprites/pokemon/versions/generation-iii/emerald/119.png
120,staryu,staryu,generation-iii,emerald,front_default,pokemon/staryu/images/geniii_emerald_front_default.png,https://raw.githubusercontent.com/PokeAPI/sprites/master/sprites/pokemon/versions/generation-iii/emerald/120.png
121,starmie,starmie,generation-iii,emerald,front_default,pokemon/starmie/images/geniii_emerald_front_default.png,https://raw.githubusercontent.com/PokeAPI/sprites/master/sprites/pokemon/versions/generation-iii/emerald/121.png
122,mr-mime,mr_mime,generation-iii,emerald,front_default,pokemon/mr_mime/images/geniii_emerald_front_default.png,https://raw.githubusercontent.com/PokeAPI/sprites/master/sprites/pokemon/versions/generation-iii/emerald/122.png
123,scyther,scyther,generation-iii,emerald,front_default,pokemon/scyther/images/geniii_emerald_front_default.png,https://raw.githubusercontent.com/PokeAPI/sprites/master/sprites/pokemon/versions/generation-iii/emerald/123.png
124,jynx,jynx,generation-iii,emerald,front_default,pokemon/jynx/images/geniii_emerald_front_default.png,https://raw.githubusercontent.com/PokeAPI/sprites/master/sprites/pokemon/versions/generation-iii/emerald/124.png
125,electabuzz,electabuzz,generation-iii,emerald,front_default,pokemon/electabuzz/images/geniii_emerald_front_default.png,https://raw.githubusercontent.com/PokeAPI/sprites/master/sprites/pokemon/versions/generation-iii/emerald/125.png
126,magmar,magmar,generation-iii,emerald,front_default,pokemon/magmar/images/geniii_emerald_front_default.png,https://raw.githubusercontent.com/PokeAPI/sprites/master/sprites/pokemon/versions/generation-iii/emerald/126.png
127,pinsir,pinsir,generation-iii,emerald,front_default,pokemon/pinsir/images/geniii_emerald_front_default.png,https://raw.githubusercontent.com/PokeAPI/sprites/master/sprites/pokemon/versions/generation-iii/emerald/127.png
128,tauros,tauros,generation-iii,emerald,front_default,pokemon/tauros/images/geniii_emerald_front_default.png,https://raw.githubusercontent.com/PokeAPI/sprites/master/sprites/pokemon/versions/generation-iii/emerald/128.png
129,magikarp,magikarp,generation-iii,emerald,front_default,pokemon/magikarp/images/geniii_emerald_front_default.png,https://raw.githubusercontent.com/PokeAPI/sprites/master/sprites/pokemon/versions/generation-iii/emerald/129.png
130,gyarados,gyarados,generation-iii,emerald,front_default,pokemon/gyarados/images/geniii_emerald_front_default.png,https://raw.githubusercontent.com/PokeAPI/sprites/master/sprites/pokemon/versions/generation-iii/emerald/130.png
131,lapras,lapras,generation-iii,emerald,front_default,pokemon/lapras/images/geniii_emerald_front_default.png,https://raw.githubusercontent.com/PokeAPI/sprites/master/sprites/pokemon/versions/generation-iii/emerald/131.png
132,ditto,ditto,generation-iii,emerald,front_default,pokemon/ditto/images/geniii_emerald_front_default.png,https://raw.githubusercontent.com/PokeAPI/sprites/master/sprites/pokemon/versions/generation-iii/emerald/132.png
133,eevee,eevee,generation-iii,emerald,front_default,pokemon/eevee/images/geniii_emerald_front_default.png,https://raw.githubusercontent.com/PokeAPI/sprites/master/sprites/pokemon/versions/generation-iii/emerald/133.png
134,vaporeon,vaporeon,generation-iii,emerald,front_default,pokemon/vaporeon/images/geniii_emerald_front_default.png,https://raw.githubusercontent.com/PokeAPI/sprites/master/sprites/pokemon/versions/generation-iii/emerald/134.png
135,jolteon,jolteon,generation-iii,emerald,front_default,pokemon/jolteon/images/geniii_emerald_front_default.png,https://raw.githubusercontent.com/PokeAPI/sprites/master/sprites/pokemon/versions/generation-iii/emerald/135.png
136,flareon,flareon,generation-iii,emerald,front_default,pokemon/flareon/images/geniii_emerald_front_default.png,https://raw.githubusercontent.com/PokeAPI/sprites/master/sprites/pokemon/versions/generation-iii/emerald/136.png
137,porygon,porygon,generation-iii,emerald,front_default,pokemon/porygon/images/geniii_emerald_front_default.png,https://raw.githubusercontent.com/PokeAPI/sprites/master/sprites/pokemon/versions/generation-iii/emerald/137.png
138,omanyte,omanyte,generation-iii,emerald,front_default,pokemon/omanyte/images/geniii_emerald_front_default.png,https://raw.githubusercontent.com/PokeAPI/sprites/master/sprites/pokemon/versions/generation-iii/emerald/138.png
139,omastar,omastar,generation-iii,emerald,front_default,pokemon/omastar/images/geniii_emerald_front_default.png,https://raw.githubusercontent.com/PokeAPI/sprites/master/sprites/pokemon/versions/generation-iii/emerald/139.png
140,kabuto,kabuto,generation-iii,emerald,front_default,pokemon/kabuto/images/geniii_emerald_front_default.png,https://raw.githubusercontent.com/PokeAPI/sprites/master/sprites/pokemon/versions/generation-iii/emerald/140.png
141,kabutops,kabutops,generation-iii,emerald,front_default,pokemon/kabutops/images/geniii_emerald_front_default.png,https://raw.githubusercontent.com/PokeAPI/sprites/master/sprites/pokemon/versions/generation-iii/emerald/141.png
142,aerodactyl,aerodactyl,generation-iii,emerald,front_default,pokemon/aerodactyl/images/geniii_emerald_front_default.png,https://raw.githubusercontent.com/PokeAPI/sprites/master/sprites/pokemon/versions/generation-iii/emerald/142.png
143,snorlax,snorlax,generation-iii,emerald,front_default,pokemon/snorlax/images/geniii_emerald_front_default.png,https://raw.githubusercontent.com/PokeAPI/sprites/master/sprites/pokemon/versions/generation-iii/emerald/143.png
144,articuno,articuno,generation-iii,emerald,front_default,pokemon/articuno/images/geniii_emerald_front_default.png,https://raw.githubusercontent.com/PokeAPI/sprites/master/sprites/pokemon/versions/generation-iii/emerald/144.png
145,zapdos,zapdos,generation-iii,emerald,front_default,pokemon/zapdos/images/geniii_emerald_front_default.png,https://raw.githubusercontent.com/PokeAPI/sprites/master/sprites/pokemon/versions/generation-iii/emerald/145.png
146,moltres,moltres,generation-iii,emerald,front_default,pokemon/moltres/images/geniii_emerald_front_default.png,https://raw.githubusercontent.com/PokeAPI/sprites/master/sprites/pokemon/versions/generation-iii/emerald/146.png
147,dratini,dratini,generation-iii,emerald,front_default,pokemon/dratini/images/geniii_emerald_front_default.png,https://raw.githubusercontent.com/PokeAPI/sprites/master/sprites/pokemon/versions/generation-iii/emerald/147.png
148,dragonair,dragonair,generation-iii,emerald,front_default,pokemon/dragonair/images/geniii_emerald_front_default.png,https://raw.githubusercontent.com/PokeAPI/sprites/master/sprites/pokemon/versions/generation-iii/emerald/148.png
149,dragonite,dragonite,generation-iii,emerald,front_default,pokemon/dragonite/images/geniii_emerald_front_default.png,https://raw.githubusercontent.com/PokeAPI/sprites/master/sprites/pokemon/versions/generation-iii/emerald/149.png
150,mewtwo,mewtwo,generation-iii,emerald,front_default,pokemon/mewtwo/images/geniii_emerald_front_default.png,https://raw.githubusercontent.com/PokeAPI/sprites/master/sprites/pokemon/versions/generation-iii/emerald/150.png
151,mew,mew,generation-iii,emerald,front_default,pokemon/mew/images/geniii_emerald_front_default.png,https://raw.githubusercontent.com/PokeAPI/sprites/master/sprites/pokemon/versions/generation-iii/emerald/151.png
152,chikorita,chikorita,generation-iii,emerald,front_default,pokemon/chikorita/images/geniii_emerald_front_default.png,https://raw.githubusercontent.com/PokeAPI/sprites/master/sprites/pokemon/versions/generation-iii/emerald/152.png
153,bayleef,bayleef,generation-iii,emerald,front_default,pokemon/bayleef/images/geniii_emerald_front_default.png,https://raw.githubusercontent.com/PokeAPI/sprites/master/sprites/pokemon/versions/generation-iii/emerald/153.png
154,meganium,meganium,generation-iii,emerald,front_default,pokemon/meganium/images/geniii_emerald_front_default.png,https://raw.githubusercontent.com/PokeAPI/sprites/master/sprites/pokemon/versions/generation-iii/emerald/154.png
155,cyndaquil,cyndaquil,generation-iii,emerald,front_default,pokemon/cyndaquil/images/geniii_emerald_front_default.png,https://raw.githubusercontent.com/PokeAPI/sprites/master/sprites/pokemon/versions/generation-iii/emerald/155.png
156,quilava,quilava,generation-iii,emerald,front_default,pokemon/quilava/images/geniii_emerald_front_default.png,https://raw.githubusercontent.com/PokeAPI/sprites/master/sprites/pokemon/versions/generation-iii/emerald/156.png
157,typhlosion,typhlosion,generation-iii,emerald,front_default,pokemon/typhlosion/images/geniii_emerald_front_default.png,https://raw.githubusercontent.com/PokeAPI/sprites/master/sprites/pokemon/versions/generation-iii/emerald/157.png
158,totodile,totodile,generation-iii,emerald,front_default,pokemon/totodile/images/geniii_emerald_front_default.png,https://raw.githubusercontent.com/PokeAPI/sprites/master/sprites/pokemon/versions/generation-iii/emerald/158.png
159,croconaw,croconaw,generation-iii,emerald,front_default,pokemon/croconaw/images/geniii_emerald_front_default.png,https://raw.githubusercontent.com/PokeAPI/sprites/master/sprites/pokemon/versions/generation-iii/emerald/159.png
160,feraligatr,feraligatr,generation-iii,emerald,front_default,pokemon/feraligatr/images/geniii_emerald_front_default.png,https://raw.githubusercontent.com/PokeAPI/sprites/master/sprites/pokemon/versions/generation-iii/emerald/160.png
161,sentret,sentret,generation-iii,emerald,front_default,pokemon/sentret/images/geniii_emerald_front_default.png,https://raw.githubusercontent.com/PokeAPI/sprites/master/sprites/pokemon/versions/generation-iii/emerald/161.png
162,furret,furret,generation-iii,emerald,front_default,pokemon/furret/images/geniii_emerald_front_default.png,https://raw.githubusercontent.com/PokeAPI/sprites/master/sprites/pokemon/versions/generation-iii/emerald/162.png
163,hoothoot,hoothoot,generation-iii,emerald,front_default,pokemon/hoothoot/images/geniii_emerald_front_default.png,https://raw.githubusercontent.com/PokeAPI/sprites/master/sprites/pokemon/versions/generation-iii/emerald/163.png
164,noctowl,noctowl,generation-iii,emerald,front_default,pokemon/noctowl/images/geniii_emerald_front_default.png,https://raw.githubusercontent.com/PokeAPI/sprites/master/sprites/pokemon/versions/generation-iii/emerald/164.png
165,ledyba,ledyba,generation-iii,emerald,front_default,pokemon/ledyba/images/geniii_emerald_front_default.png,https://raw.githubusercontent.com/PokeAPI/sprites/master/sprites/pokemon/versions/generation-iii/emerald/165.png
166,ledian,ledian,generation-iii,emerald,front_default,pokemon/ledian/images/geniii_emerald_front_default.png,https://raw.githubusercontent.com/PokeAPI/sprites/master/sprites/pokemon/versions/generation-iii/emerald/166.png
167,spinarak,spinarak,generation-iii,emerald,front_default,pokemon/spinarak/images/geniii_emerald_front_default.png,https://raw.githubusercontent.com/PokeAPI/sprites/master/sprites/pokemon/versions/generation-iii/emerald/167.png
168,ariados,ariados,generation-iii,emerald,front_default,pokemon/ariados/images/geniii_emerald_front_default.png,https://raw.githubusercontent.com/PokeAPI/sprites/master/sprites/pokemon/versions/generation-iii/emerald/168.png
169,crobat,crobat,generation-iii,emerald,front_default,pokemon/crobat/images/geniii_emerald_front_default.png,https://raw.githubusercontent.com/PokeAPI/sprites/master/sprites/pokemon/versions/generation-iii/emerald/169.png
170,chinchou,chinchou,generation-iii,emerald,front_default,pokemon/chinchou/images/geniii_emerald_front_default.png,https://raw.githubusercontent.com/PokeAPI/sprites/master/sprites/pokemon/versions/generation-iii/emerald/170.png
171,lanturn,lanturn,generation-iii,emerald,front_default,pokemon/lanturn/images/geniii_emerald_front_default.png,https://raw.githubusercontent.com/PokeAPI/sprites/master/sprites/pokemon/versions/generation-iii/emerald/171.png
172,pichu,pichu,generation-iii,emerald,front_default,pokemon/pichu/images/geniii_emerald_front_default.png,https://raw.githubusercontent.com/PokeAPI/sprites/master/sprites/pokemon/versions/generation-iii/emerald/172.png
173,cleffa,cleffa,generation-iii,emerald,front_default,pokemon/cleffa/images/geniii_emerald_front_default.png,https://raw.githubusercontent.com/PokeAPI/sprites/master/sprites/pokemon/versions/generation-iii/emerald/173.png
174,igglybuff,igglybuff,generation-iii,emerald,front_default,pokemon/igglybuff/images/geniii_emerald_front_default.png,https://raw.githubusercontent.com/PokeAPI/sprites/master/sprites/pokemon/versions/generation-iii/emerald/174.png
175,togepi,togepi,generation-iii,emerald,front_default,pokemon/togepi/images/geniii_emerald_front_default.png,https://raw.githubusercontent.com/PokeAPI/sprites/master/sprites/pokemon/versions/generation-iii/emerald/175.png
176,togetic,togetic,generation-iii,emerald,front_default,pokemon/togetic/images/geniii_emerald_front_default.png,https://raw.githubusercontent.com/PokeAPI/sprites/master/sprites/pokemon/versions/generation-iii/emerald/176.png
177,natu,natu,generation-iii,emerald,front_default,pokemon/natu/images/geniii_emerald_front_default.png,https://raw.githubusercontent.com/PokeAPI/sprites/master/sprites/pokemon/versions/generation-iii/emerald/177.png
178,xatu,xatu,generation-iii,emerald,front_default,pokemon/xatu/images/geniii_emerald_front_default.png,https://raw.githubusercontent.com/PokeAPI/sprites/master/sprites/pokemon/versions/generation-iii/emerald/178.png
179,mareep,mareep,generation-iii,emerald,front_default,pokemon/mareep/images/geniii_emerald_front_default.png,https://raw.githubusercontent.com/PokeAPI/sprites/master/sprites/pokemon/versions/generation-iii/emerald/179.png
180,flaaffy,flaaffy,generation-iii,emerald,front_default,pokemon/flaaffy/images/geniii_emerald_front_default.png,https://raw.githubusercontent.com/PokeAPI/sprites/master/sprites/pokemon/versions/generation-iii/emerald/180.png
181,ampharos,ampharos,generation-iii,emerald,front_default,pokemon/ampharos/images/geniii_emerald_front_default.png,https://raw.githubusercontent.com/PokeAPI/sprites/master/sprites/pokemon/versions/generation-iii/emerald/181.png
182,bellossom,bellossom,generation-iii,emerald,front_default,pokemon/bellossom/images/geniii_emerald_front_default.png,https://raw.githubusercontent.com/PokeAPI/sprites/master/sprites/pokemon/versions/generation-iii/emerald/182.png
183,marill,marill,generation-iii,emerald,front_default,pokemon/marill/images/geniii_emerald_front_default.png,https://raw.githubusercontent.com/PokeAPI/sprites/master/sprites/pokemon/versions/generation-iii/emerald/183.png
184,azumarill,azumarill,generation-iii,emerald,front_default,pokemon/azumarill/images/geniii_emerald_front_default.png,https://raw.githubusercontent.com/PokeAPI/sprites/master/sprites/pokemon/versions/generation-iii/emerald/184.png
185,sudowoodo,sudowoodo,generation-iii,emerald,front_default,pokemon/sudowoodo/images/geniii_emerald_front_default.png,https://raw.githubusercontent.com/PokeAPI/sprites/master/sprites/pokemon/versions/generation-iii/emerald/185.png
186,politoed,politoed,generation-iii,emerald,front_default,pokemon/politoed/images/geniii_emerald_front_default.png,https://raw.githubusercontent.com/PokeAPI/sprites/master/sprites/pokemon/versions/generation-iii/emerald/186.png
187,hoppip,hoppip,generation-iii,emerald,front_default,pokemon/hoppip/images/geniii_emerald_front_default.png,https://raw.githubusercontent.com/PokeAPI/sprites/master/sprites/pokemon/versions/generation-iii/emerald/187.png
188,skiploom,skiploom,generation-iii,emerald,front_default,pokemon/skiploom/images/geniii_emerald_front_default.png,https://raw.githubusercontent.com/PokeAPI/sprites/master/sprites/pokemon/versions/generation-iii/emerald/188.png
189,jumpluff,jumpluff,generation-iii,emerald,front_default,pokemon/jumpluff/images/geniii_emerald_front_default.png,https://raw.githubusercontent.com/PokeAPI/sprites/master/sprites/pokemon/versions/generation-iii/emerald/189.png
190,aipom,aipom,generation-iii,emerald,front_default,pokemon/aipom/images/geniii_emerald_front_default.png,https://raw.githubusercontent.com/PokeAPI/sprites/master/sprites/pokemon/versions/generation-iii/emerald/190.png
191,sunkern,sunkern,generation-iii,emerald,front_default,pokemon/sunkern/images/geniii_emerald_front_default.png,https://raw.githubusercontent.com/PokeAPI/sprites/master/sprites/pokemon/versions/generation-iii/emerald/191.png
192,sunflora,sunflora,generation-iii,emerald,front_default,pokemon/sunflora/images/geniii_emerald_front_default.png,https://raw.githubusercontent.com/PokeAPI/sprites/master/sprites/pokemon/versions/generation-iii/emerald/192.png
193,yanma,yanma,generation-iii,emerald,front_default,pokemon/yanma/images/geniii_emerald_front_default.png,https://raw.githubusercontent.com/PokeAPI/sprites/master/sprites/pokemon/versions/generation-iii/emerald/193.png
194,wooper,wooper,generation-iii,emerald,front_default,pokemon/wooper/images/geniii_emerald_front_default.png,https://raw.githubusercontent.com/PokeAPI/sprites/master/sprites/pokemon/versions/generation-iii/emerald/194.png
195,quagsire,quagsire,generation-iii,emerald,front_default,pokemon/quagsire/images/geniii_emerald_front_default.png,https://raw.githubusercontent.com/PokeAPI/sprites/master/sprites/pokemon/versions/generation-iii/emerald/195.png
196,espeon,espeon,generation-iii,emerald,front_default,pokemon/espeon/images/geniii_emerald_front_default.png,https://raw.githubusercontent.com/PokeAPI/sprites/master/sprites/pokemon/versions/generation-iii/emerald/196.png
197,umbreon,umbreon,generation-iii,emerald,front_default,pokemon/umbreon/images/geniii_emerald_front_default.png,https://raw.githubusercontent.com/PokeAPI/sprites/master/sprites/pokemon/versions/generation-iii/emerald/197.png
198,murkrow,murkrow,generation-iii,emerald,front_default,pokemon/murkrow/images/geniii_emerald_front_default.png,https://raw.githubusercontent.com/PokeAPI/sprites/master/sprites/pokemon/versions/generation-iii/emerald/198.png
199,slowking,slowking,generation-iii,emerald,front_default,pokemon/slowking/images/geniii_emerald_front_default.png,https://raw.githubusercontent.com/PokeAPI/sprites/master/sprites/pokemon/versions/generation-iii/emerald/199.png
200,misdreavus,misdreavus,generation-iii,emerald,front_default,pokemon/misdreavus/images/geniii_emerald_front_default.png,https://raw.githubusercontent.com/PokeAPI/sprites/master/sprites/pokemon/versions/generation-iii/emerald/200.png
201,unown,unown,generation-iii,emerald,front_default,pokemon/unown/images/geniii_emerald_front_default.png,https://raw.githubusercontent.com/PokeAPI/sprites/master/sprites/pokemon/versions/generation-iii/emerald/201.png
202,wobbuffet,wobbuffet,generation-iii,emerald,front_default,pokemon/wobbuffet/images/geniii_emerald_front_default.png,https://raw.githubusercontent.com/PokeAPI/sprites/master/sprites/pokemon/versions/generation-iii/emerald/202.png
203,girafarig,girafarig,generation-iii,emerald,front_default,pokemon/girafarig/images/geniii_emerald_front_default.png,https://raw.githubusercontent.com/PokeAPI/sprites/master/sprites/pokemon/versions/generation-iii/emerald/203.png
204,pineco,pineco,generation-iii,emerald,front_default,pokemon/pineco/images/geniii_emerald_front_default.png,https://raw.githubusercontent.com/PokeAPI/sprites/master/sprites/pokemon/versions/generation-iii/emerald/204.png
205,forretress,forretress,generation-iii,emerald,front_default,pokemon/forretress/images/geniii_emerald_front_default.png,https://raw.githubusercontent.com/PokeAPI/sprites/master/sprites/pokemon/versions/generation-iii/emerald/205.png
206,dunsparce,dunsparce,generation-iii,emerald,front_default,pokemon/dunsparce/images/geniii_emerald_front_default.png,https://raw.githubusercontent.com/PokeAPI/sprites/master/sprites/pokemon/versions/generation-iii/emerald/206.png
207,gligar,gligar,generation-iii,emerald,front_default,pokemon/gligar/images/geniii_emerald_front_default.png,https://raw.githubusercontent.com/PokeAPI/sprites/master/sprites/pokemon/versions/generation-iii/emerald/207.png
208,steelix,steelix,generation-iii,emerald,front_default,pokemon/steelix/images/geniii_emerald_front_default.png,https://raw.githubusercontent.com/PokeAPI/sprites/master/sprites/pokemon/versions/generation-iii/emerald/208.png
209,snubbull,snubbull,generation-iii,emerald,front_default,pokemon/snubbull/images/geniii_emerald_front_default.png,https://raw.githubusercontent.com/PokeAPI/sprites/master/sprites/pokemon/versions/generation-iii/emerald/209.png
210,granbull,granbull,generation-iii,emerald,front_default,pokemon/granbull/images/geniii_emerald_front_default.png,https://raw.githubusercontent.com/PokeAPI/sprites/master/sprites/pokemon/versions/generation-iii/emerald/210.png
211,qwilfish,qwilfish,generation-iii,emerald,front_default,pokemon/qwilfish/images/geniii_emerald_front_default.png,https://raw.githubusercontent.com/PokeAPI/sprites/master/sprites/pokemon/versions/generation-iii/emerald/211.png
212,scizor,scizor,generation-iii,emerald,front_default,pokemon/scizor/images/geniii_emerald_front_default.png,https://raw.githubusercontent.com/PokeAPI/sprites/master/sprites/pokemon/versions/generation-iii/emerald/212.png
213,shuckle,shuckle,generation-iii,emerald,front_default,pokemon/shuckle/images/geniii_emerald_front_default.png,https://raw.githubusercontent.com/PokeAPI/sprites/master/sprites/pokemon/versions/generation-iii/emerald/213.png
214,heracross,heracross,generation-iii,emerald,front_default,pokemon/heracross/images/geniii_emerald_front_default.png,https://raw.githubusercontent.com/PokeAPI/sprites/master/sprites/pokemon/versions/generation-iii/emerald/214.png
215,sneasel,sneasel,generation-iii,emerald,front_default,pokemon/sneasel/images/geniii_emerald_front_default.png,https://raw.githubusercontent.com/PokeAPI/sprites/master/sprites/pokemon/versions/generation-iii/emerald/215.png
216,teddiursa,teddiursa,generation-iii,emerald,front_default,pokemon/teddiursa/images/geniii_emerald_front_default.png,https://raw.githubusercontent.com/PokeAPI/sprites/master/sprites/pokemon/versions/generation-iii/emerald/216.png
217,ursaring,ursaring,generation-iii,emerald,front_default,pokemon/ursaring/images/geniii_emerald_front_default.png,https://raw.githubusercontent.com/PokeAPI/sprites/master/sprites/pokemon/versions/generation-iii/emerald/217.png
218,slugma,slugma,generation-iii,emerald,front_default,pokemon/slugma/images/geniii_emerald_front_default.png,https://raw.githubusercontent.com/PokeAPI/sprites/master/sprites/pokemon/versions/generation-iii/emerald/218.png
219,magcargo,magcargo,generation-iii,emerald,front_default,pokemon/magcargo/images/geniii_emerald_front_default.png,https://raw.githubusercontent.com/PokeAPI/sprites/master/sprites/pokemon/versions/generation-iii/emerald/219.png
220,swinub,swinub,generation-iii,emerald,front_default,pokemon/swinub/images/geniii_emerald_front_default.png,https://raw.githubusercontent.com/PokeAPI/sprites/master/sprites/pokemon/versions/generation-iii/emerald/220.png
221,piloswine,piloswine,generation-iii,emerald,front_default,pokemon/piloswine/images/geniii_emerald_front_default.png,https://raw.githubusercontent.com/PokeAPI/sprites/master/sprites/pokemon/versions/generation-iii/emerald/221.png
222,corsola,corsola,generation-iii,emerald,front_default,pokemon/corsola/images/geniii_emerald_front_default.png,https://raw.githubusercontent.com/PokeAPI/sprites/master/sprites/pokemon/versions/generation-iii/emerald/222.png
223,remoraid,remoraid,generation-iii,emerald,front_default,pokemon/remoraid/images/geniii_emerald_front_default.png,https://raw.githubusercontent.com/PokeAPI/sprites/master/sprites/pokemon/versions/generation-iii/emerald/223.png
224,octillery,octillery,generation-iii,emerald,front_default,pokemon/octillery/images/geniii_emerald_front_default.png,https://raw.githubusercontent.com/PokeAPI/sprites/master/sprites/pokemon/versions/generation-iii/emerald/224.png
225,delibird,delibird,generation-iii,emerald,front_default,pokemon/delibird/images/geniii_emerald_front_default.png,https://raw.githubusercontent.com/PokeAPI/sprites/master/sprites/pokemon/versions/generation-iii/emerald/225.png
226,mantine,mantine,generation-iii,emerald,front_default,pokemon/mantine/images/geniii_emerald_front_default.png,https://raw.githubusercontent.com/PokeAPI/sprites/master/sprites/pokemon/versions/generation-iii/emerald/226.png
227,skarmory,skarmory,generation-iii,emerald,front_default,pokemon/skarmory/images/geniii_emerald_front_default.png,https://raw.githubusercontent.com/PokeAPI/sprites/master/sprites/pokemon/versions/generation-iii/emerald/227.png
228,houndour,houndour,generation-iii,emerald,front_default,pokemon/houndour/images/geniii_emerald_front_default.png,https://raw.githubusercontent.com/PokeAPI/sprites/master/sprites/pokemon/versions/generation-iii/emerald/228.png
229,houndoom,houndoom,generation-iii,emerald,front_default,pokemon/houndoom/images/geniii_emerald_front_default.png,https://raw.githubusercontent.com/PokeAPI/sprites/master/sprites/pokemon/versions/generation-iii/emerald/229.png
230,kingdra,kingdra,generation-iii,emerald,front_default,pokemon/kingdra/images/geniii_emerald_front_default.png,https://raw.githubusercontent.com/PokeAPI/sprites/master/sprites/pokemon/versions/generation-iii/emerald/230.png
231,phanpy,phanpy,generation-iii,emerald,front_default,pokemon/phanpy/images/geniii_emerald_front_default.png,https://raw.githubusercontent.com/PokeAPI/sprites/master/sprites/pokemon/versions/generation-iii/emerald/231.png
232,donphan,donphan,generation-iii,emerald,front_default,pokemon/donphan/images/geniii_emerald_front_default.png,https://raw.githubusercontent.com/PokeAPI/sprites/master/sprites/pokemon/versions/generation-iii/emerald/232.png
233,porygon2,porygon2,generation-iii,emerald,front_default,pokemon/porygon2/images/geniii_emerald_front_default.png,https://raw.githubusercontent.com/PokeAPI/sprites/master/sprites/pokemon/versions/generation-iii/emerald/233.png
234,stantler,stantler,generation-iii,emerald,front_default,pokemon/stantler/images/geniii_emerald_front_default.png,https://raw.githubusercontent.com/PokeAPI/sprites/master/sprites/pokemon/versions/generation-iii/emerald/234.png
235,smeargle,smeargle,generation-iii,emerald,front_default,pokemon/smeargle/images/geniii_emerald_front_default.png,https://raw.githubusercontent.com/PokeAPI/sprites/master/sprites/pokemon/versions/generation-iii/emerald/235.png
236,tyrogue,tyrogue,generation-iii,emerald,front_default,pokemon/tyrogue/images/geniii_emerald_front_default.png,https://raw.githubusercontent.com/PokeAPI/sprites/master/sprites/pokemon/versions/generation-iii/emerald/236.png
237,hitmontop,hitmontop,generation-iii,emerald,front_default,pokemon/hitmontop/images/geniii_emerald_front_default.png,https://raw.githubusercontent.com/PokeAPI/sprites/master/sprites/pokemon/versions/generation-iii/emerald/237.png
238,smoochum,smoochum,generation-iii,emerald,front_default,pokemon/smoochum/images/geniii_emerald_front_default.png,https://raw.githubusercontent.com/PokeAPI/sprites/master/sprites/pokemon/versions/generation-iii/emerald/238.png
239,elekid,elekid,generation-iii,emerald,front_default,pokemon/elekid/images/geniii_emerald_front_default.png,https://raw.githubusercontent.com/PokeAPI/sprites/master/sprites/pokemon/versions/generation-iii/emerald/239.png
240,magby,magby,generation-iii,emerald,front_default,pokemon/magby/images/geniii_emerald_front_default.png,https://raw.githubusercontent.com/PokeAPI/sprites/master/sprites/pokemon/versions/generation-iii/emerald/240.png
241,miltank,miltank,generation-iii,emerald,front_default,pokemon/miltank/images/geniii_emerald_front_default.png,https://raw.githubusercontent.com/PokeAPI/sprites/master/sprites/pokemon/versions/generation-iii/emerald/241.png
242,blissey,blissey,generation-iii,emerald,front_default,pokemon/blissey/images/geniii_emerald_front_default.png,https://raw.githubusercontent.com/PokeAPI/sprites/master/sprites/pokemon/versions/generation-iii/emerald/242.png
243,raikou,raikou,generation-iii,emerald,front_default,pokemon/raikou/images/geniii_emerald_front_default.png,https://raw.githubusercontent.com/PokeAPI/sprites/master/sprites/pokemon/versions/generation-iii/emerald/243.png
244,entei,entei,generation-iii,emerald,front_default,pokemon/entei/images/geniii_emerald_front_default.png,https://raw.githubusercontent.com/PokeAPI/sprites/master/sprites/pokemon/versions/generation-iii/emerald/244.png
245,suicune,suicune,generation-iii,emerald,front_default,pokemon/suicune/images/geniii_emerald_front_default.png,https://raw.githubusercontent.com/PokeAPI/sprites/master/sprites/pokemon/versions/generation-iii/emerald/245.png
246,larvitar,larvitar,generation-iii,emerald,front_default,pokemon/larvitar/images/geniii_emerald_front_default.png,https://raw.githubusercontent.com/PokeAPI/sprites/master/sprites/pokemon/versions/generation-iii/emerald/246.png
247,pupitar,pupitar,generation-iii,emerald,front_default,pokemon/pupitar/images/geniii_emerald_front_default.png,https://raw.githubusercontent.com/PokeAPI/sprites/master/sprites/pokemon/versions/generation-iii/emerald/247.png
248,tyranitar,tyranitar,generation-iii,emerald,front_default,pokemon/tyranitar/images/geniii_emerald_front_default.png,https://raw.githubusercontent.com/PokeAPI/sprites/master/sprites/pokemon/versions/generation-iii/emerald/248.png
249,lugia,lugia,generation-iii,emerald,front_default,pokemon/lugia/images/geniii_emerald_front_default.png,https://raw.githubusercontent.com/PokeAPI/sprites/master/sprites/pokemon/versions/generation-iii/emerald/249.png
250,ho-oh,ho_oh,generation-iii,emerald,front_default,pokemon/ho_oh/images/geniii_emerald_front_default.png,https://raw.githubusercontent.com/PokeAPI/sprites/master/sprites/pokemon/versions/generation-iii/emerald/250.png
251,celebi,celebi,generation-iii,emerald,front_default,pokemon/celebi/images/geniii_emerald_front_default.png,https://raw.githubusercontent.com/PokeAPI/sprites/master/sprites/pokemon/versions/generation-iii/emerald/251.png
252,treecko,treecko,generation-iii,emerald,front_default,pokemon/treecko/images/geniii_emerald_front_default.png,https://raw.githubusercontent.com/PokeAPI/sprites/master/sprites/pokemon/versions/generation-iii/emerald/252.png
253,grovyle,grovyle,generation-iii,emerald,front_default,pokemon/grovyle/images/geniii_emerald_front_default.png,https://raw.githubusercontent.com/PokeAPI/sprites/master/sprites/pokemon/versions/generation-iii/emerald/253.png
254,sceptile,sceptile,generation-iii,emerald,front_default,pokemon/sceptile/images/geniii_emerald_front_default.png,https://raw.githubusercontent.com/PokeAPI/sprites/master/sprites/pokemon/versions/generation-iii/emerald/254.png
255,torchic,torchic,generation-iii,emerald,front_default,pokemon/torchic/images/geniii_emerald_front_default.png,https://raw.githubusercontent.com/PokeAPI/sprites/master/sprites/pokemon/versions/generation-iii/emerald/255.png
256,combusken,combusken,generation-iii,emerald,front_default,pokemon/combusken/images/geniii_emerald_front_default.png,https://raw.githubusercontent.com/PokeAPI/sprites/master/sprites/pokemon/versions/generation-iii/emerald/256.png
257,blaziken,blaziken,generation-iii,emerald,front_default,pokemon/blaziken/images/geniii_emerald_front_default.png,https://raw.githubusercontent.com/PokeAPI/sprites/master/sprites/pokemon/versions/generation-iii/emerald/257.png
258,mudkip,mudkip,generation-iii,emerald,front_default,pokemon/mudkip/images/geniii_emerald_front_default.png,https://raw.githubusercontent.com/PokeAPI/sprites/master/sprites/pokemon/versions/generation-iii/emerald/258.png
259,marshtomp,marshtomp,generation-iii,emerald,front_default,pokemon/marshtomp/images/geniii_emerald_front_default.png,https://raw.githubusercontent.com/PokeAPI/sprites/master/sprites/pokemon/versions/generation-iii/emerald/259.png
260,swampert,swampert,generation-iii,emerald,front_default,pokemon/swampert/images/geniii_emerald_front_default.png,https://raw.githubusercontent.com/PokeAPI/sprites/master/sprites/pokemon/versions/generation-iii/emerald/260.png
261,poochyena,poochyena,generation-iii,emerald,front_default,pokemon/poochyena/images/geniii_emerald_front_default.png,https://raw.githubusercontent.com/PokeAPI/sprites/master/sprites/pokemon/versions/generation-iii/emerald/261.png
262,mightyena,mightyena,generation-iii,emerald,front_default,pokemon/mightyena/images/geniii_emerald_front_default.png,https://raw.githubusercontent.com/PokeAPI/sprites/master/sprites/pokemon/versions/generation-iii/emerald/262.png
263,zigzagoon,zigzagoon,generation-iii,emerald,front_default,pokemon/zigzagoon/images/geniii_emerald_front_default.png,https://raw.githubusercontent.com/PokeAPI/sprites/master/sprites/pokemon/versions/generation-iii/emerald/263.png
264,linoone,linoone,generation-iii,emerald,front_default,pokemon/linoone/images/geniii_emerald_front_default.png,https://raw.githubusercontent.com/PokeAPI/sprites/master/sprites/pokemon/versions/generation-iii/emerald/264.png
265,wurmple,wurmple,generation-iii,emerald,front_default,pokemon/wurmple/images/geniii_emerald_front_default.png,https://raw.githubusercontent.com/PokeAPI/sprites/master/sprites/pokemon/versions/generation-iii/emerald/265.png
266,silcoon,silcoon,generation-iii,emerald,front_default,pokemon/silcoon/images/geniii_emerald_front_default.png,https://raw.githubusercontent.com/PokeAPI/sprites/master/sprites/pokemon/versions/generation-iii/emerald/266.png
267,beautifly,beautifly,generation-iii,emerald,front_default,pokemon/beautifly/images/geniii_emerald_front_default.png,https://raw.githubusercontent.com/PokeAPI/sprites/master/sprites/pokemon/versions/generation-iii/emerald/267.png
268,cascoon,cascoon,generation-iii,emerald,front_default,pokemon/cascoon/images/geniii_emerald_front_default.png,https://raw.githubusercontent.com/PokeAPI/sprites/master/sprites/pokemon/versions/generation-iii/emerald/268.png
269,dustox,dustox,generation-iii,emerald,front_default,pokemon/dustox/images/geniii_emerald_front_default.png,https://raw.githubusercontent.com/PokeAPI/sprites/master/sprites/pokemon/versions/generation-iii/emerald/269.png
270,lotad,lotad,generation-iii,emerald,front_default,pokemon/lotad/images/geniii_emerald_front_default.png,https://raw.githubusercontent.com/PokeAPI/sprites/master/sprites/pokemon/versions/generation-iii/emerald/270.png
271,lombre,lombre,generation-iii,emerald,front_default,pokemon/lombre/images/geniii_emerald_front_default.png,https://raw.githubusercontent.com/PokeAPI/sprites/master/sprites/pokemon/versions/generation-iii/emerald/271.png
272,ludicolo,ludicolo,generation-iii,emerald,front_default,pokemon/ludicolo/images/geniii_emerald_front_default.png,https://raw.githubusercontent.com/PokeAPI/sprites/master/sprites/pokemon/versions/generation-iii/emerald/272.png
273,seedot,seedot,generation-iii,emerald,front_default,pokemon/seedot/images/geniii_emerald_front_default.png,https://raw.githubusercontent.com/PokeAPI/sprites/master/sprites/pokemon/versions/generation-iii/emerald/273.png
274,nuzleaf,nuzleaf,generation-iii,emerald,front_default,pokemon/nuzleaf/images/geniii_emerald_front_default.png,https://raw.githubusercontent.com/PokeAPI/sprites/master/sprites/pokemon/versions/generation-iii/emerald/274.png
275,shiftry,shiftry,generation-iii,emerald,front_default,pokemon/shiftry/images/geniii_emerald_front_default.png,https://raw.githubusercontent.com/PokeAPI/sprites/master/sprites/pokemon/versions/generation-iii/emerald/275.png
276,taillow,taillow,generation-iii,emerald,front_default,pokemon/taillow/images/geniii_emerald_front_default.png,https://raw.githubusercontent.com/PokeAPI/sprites/master/sprites/pokemon/versions/generation-iii/emerald/276.png
277,swellow,swellow,generation-iii,emerald,front_default,pokemon/swellow/images/geniii_emerald_front_default.png,https://raw.githubusercontent.com/PokeAPI/sprites/master/sprites/pokemon/versions/generation-iii/emerald/277.png
278,wingull,wingull,generation-iii,emerald,front_default,pokemon/wingull/images/geniii_emerald_front_default.png,https://raw.githubusercontent.com/PokeAPI/sprites/master/sprites/pokemon/versions/generation-iii/emerald/278.png
279,pelipper,pelipper,generation-iii,emerald,front_default,pokemon/pelipper/images/geniii_emerald_front_default.png,https://raw.githubusercontent.com/PokeAPI/sprites/master/sprites/pokemon/versions/generation-iii/emerald/279.png
280,ralts,ralts,generation-iii,emerald,front_default,pokemon/ralts/images/geniii_emerald_front_default.png,https://raw.githubusercontent.com/PokeAPI/sprites/master/sprites/pokemon/versions/generation-iii/emerald/280.png
281,kirlia,kirlia,generation-iii,emerald,front_default,pokemon/kirlia/images/geniii_emerald_front_default.png,https://raw.githubusercontent.com/PokeAPI/sprites/master/sprites/pokemon/versions/generation-iii/emerald/281.png
282,gardevoir,gardevoir,generation-iii,emerald,front_default,pokemon/gardevoir/images/geniii_emerald_front_default.png,https://raw.githubusercontent.com/PokeAPI/sprites/master/sprites/pokemon/versions/generation-iii/emerald/282.png
283,surskit,surskit,generation-iii,emerald,front_default,pokemon/surskit/images/geniii_emerald_front_default.png,https://raw.githubusercontent.com/PokeAPI/sprites/master/sprites/pokemon/versions/generation-iii/emerald/283.png
284,masquerain,masquerain,generation-iii,emerald,front_default,pokemon/masquerain/images/geniii_emerald_front_default.png,https://raw.githubusercontent.com/PokeAPI/sprites/master/sprites/pokemon/versions/generation-iii/emerald/284.png
285,shroomish,shroomish,generation-iii,emerald,front_default,pokemon/shroomish/images/geniii_emerald_front_default.png,https://raw.githubusercontent.com/PokeAPI/sprites/master/sprites/pokemon/versions/generation-iii/emerald/285.png
286,breloom,breloom,generation-iii,emerald,front_default,pokemon/breloom/images/geniii_emerald_front_default.png,https://raw.githubusercontent.com/PokeAPI/sprites/master/sprites/pokemon/versions/generation-iii/emerald/286.png
287,slakoth,slakoth,generation-iii,emerald,front_default,pokemon/slakoth/images/geniii_emerald_front_default.png,https://raw.githubusercontent.com/PokeAPI/sprites/master/sprites/pokemon/versions/generation-iii/emerald/287.png
288,vigoroth,vigoroth,generation-iii,emerald,front_default,pokemon/vigoroth/images/geniii_emerald_front_default.png,https://raw.githubusercontent.com/PokeAPI/sprites/master/sprites/pokemon/versions/generation-iii/emerald/288.png
289,slaking,slaking,generation-iii,emerald,front_default,pokemon/slaking/images/geniii_emerald_front_default.png,https://raw.githubusercontent.com/PokeAPI/sprites/master/sprites/pokemon/versions/generation-iii/emerald/289.png
290,nincada,nincada,generation-iii,emerald,front_default,pokemon/nincada/images/geniii_emerald_front_default.png,https://raw.githubusercontent.com/PokeAPI/sprites/master/sprites/pokemon/versions/generation-iii/emerald/290.png
291,ninjask,ninjask,generation-iii,emerald,front_default,pokemon/ninjask/images/geniii_emerald_front_default.png,https://raw.githubusercontent.com/PokeAPI/sprites/master/sprites/pokemon/versions/generation-iii/emerald/291.png
292,shedinja,shedinja,generation-iii,emerald,front_default,pokemon/shedinja/images/geniii_emerald_front_default.png,https://raw.githubusercontent.com/PokeAPI/sprites/master/sprites/pokemon/versions/generation-iii/emerald/292.png
293,whismur,whismur,generation-iii,emerald,front_default,pokemon/whismur/images/geniii_emerald_front_default.png,https://raw.githubusercontent.com/PokeAPI/sprites/master/sprites/pokemon/versions/generation-iii/emerald/293.png
294,loudred,loudred,generation-iii,emerald,front_default,pokemon/loudred/images/geniii_emerald_front_default.png,https://raw.githubusercontent.com/PokeAPI/sprites/master/sprites/pokemon/versions/generation-iii/emerald/294.png
295,exploud,exploud,generation-iii,emerald,front_default,pokemon/exploud/images/geniii_emerald_front_default.png,https://raw.githubusercontent.com/PokeAPI/sprites/master/sprites/pokemon/versions/generation-iii/emerald/295.png
296,makuhita,makuhita,generation-iii,emerald,front_default,pokemon/makuhita/images/geniii_emerald_front_default.png,https://raw.githubusercontent.com/PokeAPI/sprites/master/sprites/pokemon/versions/generation-iii/emerald/296.png
297,hariyama,hariyama,generation-iii,emerald,front_default,pokemon/hariyama/images/geniii_emerald_front_default.png,https://raw.githubusercontent.com/PokeAPI/sprites/master/sprites/pokemon/versions/generation-iii/emerald/297.png
298,azurill,azurill,generation-iii,emerald,front_default,pokemon/azurill/images/geniii_emerald_front_default.png,https://raw.githubusercontent.com/PokeAPI/sprites/master/sprites/pokemon/versions/generation-iii/emerald/298.png
299,nosepass,nosepass,generation-iii,emerald,front_default,pokemon/nosepass/images/geniii_emerald_front_default.png,https://raw.githubusercontent.com/PokeAPI/sprites/master/sprites/pokemon/versions/generation-iii/emerald/299.png
300,skitty,skitty,generation-iii,emerald,front_default,pokemon/skitty/images/geniii_emerald_front_default.png,https://raw.githubusercontent.com/PokeAPI/sprites/master/sprites/pokemon/versions/generation-iii/emerald/300.png
301,delcatty,delcatty,generation-iii,emerald,front_default,pokemon/delcatty/images/geniii_emerald_front_default.png,https://raw.githubusercontent.com/PokeAPI/sprites/master/sprites/pokemon/versions/generation-iii/emerald/301.png
302,sableye,sableye,generation-iii,emerald,front_default,pokemon/sableye/images/geniii_emerald_front_default.png,https://raw.githubusercontent.com/PokeAPI/sprites/master/sprites/pokemon/versions/generation-iii/emerald/302.png
303,mawile,mawile,generation-iii,emerald,front_default,pokemon/mawile/images/geniii_emerald_front_default.png,https://raw.githubusercontent.com/PokeAPI/sprites/master/sprites/pokemon/versions/generation-iii/emerald/303.png
304,aron,aron,generation-iii,emerald,front_default,pokemon/aron/images/geniii_emerald_front_default.png,https://raw.githubusercontent.com/PokeAPI/sprites/master/sprites/pokemon/versions/generation-iii/emerald/304.png
305,lairon,lairon,generation-iii,emerald,front_default,pokemon/lairon/images/geniii_emerald_front_default.png,https://raw.githubusercontent.com/PokeAPI/sprites/master/sprites/pokemon/versions/generation-iii/emerald/305.png
306,aggron,aggron,generation-iii,emerald,front_default,pokemon/aggron/images/geniii_emerald_front_default.png,https://raw.githubusercontent.com/PokeAPI/sprites/master/sprites/pokemon/versions/generation-iii/emerald/306.png
307,meditite,meditite,generation-iii,emerald,front_default,pokemon/meditite/images/geniii_emerald_front_default.png,https://raw.githubusercontent.com/PokeAPI/sprites/master/sprites/pokemon/versions/generation-iii/emerald/307.png
308,medicham,medicham,generation-iii,emerald,front_default,pokemon/medicham/images/geniii_emerald_front_default.png,https://raw.githubusercontent.com/PokeAPI/sprites/master/sprites/pokemon/versions/generation-iii/emerald/308.png
309,electrike,electrike,generation-iii,emerald,front_default,pokemon/electrike/images/geniii_emerald_front_default.png,https://raw.githubusercontent.com/PokeAPI/sprites/master/sprites/pokemon/versions/generation-iii/emerald/309.png
310,manectric,manectric,generation-iii,emerald,front_default,pokemon/manectric/images/geniii_emerald_front_default.png,https://raw.githubusercontent.com/PokeAPI/sprites/master/sprites/pokemon/versions/generation-iii/emerald/310.png
311,plusle,plusle,generation-iii,emerald,front_default,pokemon/plusle/images/geniii_emerald_front_default.png,https://raw.githubusercontent.com/PokeAPI/sprites/master/sprites/pokemon/versions/generation-iii/emerald/311.png
312,minun,minun,generation-iii,emerald,front_default,pokemon/minun/images/geniii_emerald_front_default.png,https://raw.githubusercontent.com/PokeAPI/sprites/master/sprites/pokemon/versions/generation-iii/emerald/312.png
313,volbeat,volbeat,generation-iii,emerald,front_default,pokemon/volbeat/images/geniii_emerald_front_default.png,https://raw.githubusercontent.com/PokeAPI/sprites/master/sprites/pokemon/versions/generation-iii/emerald/313.png
314,illumise,illumise,generation-iii,emerald,front_default,pokemon/illumise/images/geniii_emerald_front_default.png,https://raw.githubusercontent.com/PokeAPI/sprites/master/sprites/pokemon/versions/generation-iii/emerald/314.png
315,roselia,roselia,generation-iii,emerald,front_default,pokemon/roselia/images/geniii_emerald_front_default.png,https://raw.githubusercontent.com/PokeAPI/sprites/master/sprites/pokemon/versions/generation-iii/emerald/315.png
316,gulpin,gulpin,generation-iii,emerald,front_default,pokemon/gulpin/images/geniii_emerald_front_default.png,https://raw.githubusercontent.com/PokeAPI/sprites/master/sprites/pokemon/versions/generation-iii/emerald/316.png
317,swalot,swalot,generation-iii,emerald,front_default,pokemon/swalot/images/geniii_emerald_front_default.png,https://raw.githubusercontent.com/PokeAPI/sprites/master/sprites/pokemon/versions/generation-iii/emerald/317.png
318,carvanha,carvanha,generation-iii,emerald,front_default,pokemon/carvanha/images/geniii_emerald_front_default.png,https://raw.githubusercontent.com/PokeAPI/sprites/master/sprites/pokemon/versions/generation-iii/emerald/318.png
319,sharpedo,sharpedo,generation-iii,emerald,front_default,pokemon/sharpedo/images/geniii_emerald_front_default.png,https://raw.githubusercontent.com/PokeAPI/sprites/master/sprites/pokemon/versions/generation-iii/emerald/319.png
320,wailmer,wailmer,generation-iii,emerald,front_default,pokemon/wailmer/images/geniii_emerald_front_default.png,https://raw.githubusercontent.com/PokeAPI/sprites/master/sprites/pokemon/versions/generation-iii/emerald/320.png
321,wailord,wailord,generation-iii,emerald,front_default,pokemon/wailord/images/geniii_emerald_front_default.png,https://raw.githubusercontent.com/PokeAPI/sprites/master/sprites/pokemon/versions/generation-iii/emerald/321.png
322,numel,numel,generation-iii,emerald,front_default,pokemon/numel/images/geniii_emerald_front_default.png,https://raw.githubusercontent.com/PokeAPI/sprites/master/sprites/pokemon/versions/generation-iii/emerald/322.png
323,camerupt,camerupt,generation-iii,emerald,front_default,pokemon/camerupt/images/geniii_emerald_front_default.png,https://raw.githubusercontent.com/PokeAPI/sprites/master/sprites/pokemon/versions/generation-iii/emerald/323.png
324,torkoal,torkoal,generation-iii,emerald,front_default,pokemon/torkoal/images/geniii_emerald_front_default.png,https://raw.githubusercontent.com/PokeAPI/sprites/master/sprites/pokemon/versions/generation-iii/emerald/324.png
325,spoink,spoink,generation-iii,emerald,front_default,pokemon/spoink/images/geniii_emerald_front_default.png,https://raw.githubusercontent.com/PokeAPI/sprites/master/sprites/pokemon/versions/generation-iii/emerald/325.png
326,grumpig,grumpig,generation-iii,emerald,front_default,pokemon/grumpig/images/geniii_emerald_front_default.png,https://raw.githubusercontent.com/PokeAPI/sprites/master/sprites/pokemon/versions/generation-iii/emerald/326.png
327,spinda,spinda,generation-iii,emerald,front_default,pokemon/spinda/images/geniii_emerald_front_default.png,https://raw.githubusercontent.com/PokeAPI/sprites/master/sprites/pokemon/versions/generation-iii/emerald/327.png
328,trapinch,trapinch,generation-iii,emerald,front_default,pokemon/trapinch/images/geniii_emerald_front_default.png,https://raw.githubusercontent.com/PokeAPI/sprites/master/sprites/pokemon/versions/generation-iii/emerald/328.png
329,vibrava,vibrava,generation-iii,emerald,front_default,pokemon/vibrava/images/geniii_emerald_front_default.png,https://raw.githubusercontent.com/PokeAPI/sprites/master/sprites/pokemon/versions/generation-iii/emerald/329.png
330,flygon,flygon,generation-iii,emerald,front_default,pokemon/flygon/images/geniii_emerald_front_default.png,https://raw.githubusercontent.com/PokeAPI/sprites/master/sprites/pokemon/versions/generation-iii/emerald/330.png
331,cacnea,cacnea,generation-iii,emerald,front_default,pokemon/cacnea/images/geniii_emerald_front_default.png,https://raw.githubusercontent.com/PokeAPI/sprites/master/sprites/pokemon/versions/generation-iii/emerald/331.png
332,cacturne,cacturne,generation-iii,emerald,front_default,pokemon/cacturne/images/geniii_emerald_front_default.png,https://raw.githubusercontent.com/PokeAPI/sprites/master/sprites/pokemon/versions/generation-iii/emerald/332.png
333,swablu,swablu,generation-iii,emerald,front_default,pokemon/swablu/images/geniii_emerald_front_default.png,https://raw.githubusercontent.com/PokeAPI/sprites/master/sprites/pokemon/versions/generation-iii/emerald/333.png
334,altaria,altaria,generation-iii,emerald,front_default,pokemon/altaria/images/geniii_emerald_front_default.png,https://raw.githubusercontent.com/PokeAPI/sprites/master/sprites/pokemon/versions/generation-iii/emerald/334.png
335,zangoose,zangoose,generation-iii,emerald,front_default,pokemon/zangoose/images/geniii_emerald_front_default.png,https://raw.githubusercontent.com/PokeAPI/sprites/master/sprites/pokemon/versions/generation-iii/emerald/335.png
336,seviper,seviper,generation-iii,emerald,front_default,pokemon/seviper/images/geniii_emerald_front_default.png,https://raw.githubusercontent.com/PokeAPI/sprites/master/sprites/pokemon/versions/generation-iii/emerald/336.png
337,lunatone,lunatone,generation-iii,emerald,front_default,pokemon/lunatone/images/geniii_emerald_front_default.png,https://raw.githubusercontent.com/PokeAPI/sprites/master/sprites/pokemon/versions/generation-iii/emerald/337.png
338,solrock,solrock,generation-iii,emerald,front_default,pokemon/solrock/images/geniii_emerald_front_default.png,https://raw.githubusercontent.com/PokeAPI/sprites/master/sprites/pokemon/versions/generation-iii/emerald/338.png
339,barboach,barboach,generation-iii,emerald,front_default,pokemon/barboach/images/geniii_emerald_front_default.png,https://raw.githubusercontent.com/PokeAPI/sprites/master/sprites/pokemon/versions/generation-iii/emerald/339.png
340,whiscash,whiscash,generation-iii,emerald,front_default,pokemon/whiscash/images/geniii_emerald_front_default.png,https://raw.githubusercontent.com/PokeAPI/sprites/master/sprites/pokemon/versions/generation-iii/emerald/340.png
341,corphish,corphish,generation-iii,emerald,front_default,pokemon/corphish/images/geniii_emerald_front_default.png,https://raw.githubusercontent.com/PokeAPI/sprites/master/sprites/pokemon/versions/generation-iii/emerald/341.png
342,crawdaunt,crawdaunt,generation-iii,emerald,front_default,pokemon/crawdaunt/images/geniii_emerald_front_default.png,https://raw.githubusercontent.com/PokeAPI/sprites/master/sprites/pokemon/versions/generation-iii/emerald/342.png
343,baltoy,baltoy,generation-iii,emerald,front_default,pokemon/baltoy/images/geniii_emerald_front_default.png,https://raw.githubusercontent.com/PokeAPI/sprites/master/sprites/pokemon/versions/generation-iii/emerald/343.png
344,claydol,claydol,generation-iii,emerald,front_default,pokemon/claydol/images/geniii_emerald_front_default.png,https://raw.githubusercontent.com/PokeAPI/sprites/master/sprites/pokemon/versions/generation-iii/emerald/344.png
345,lileep,lileep,generation-iii,emerald,front_default,pokemon/lileep/images/geniii_emerald_front_default.png,https://raw.githubusercontent.com/PokeAPI/sprites/master/sprites/pokemon/versions/generation-iii/emerald/345.png
346,cradily,cradily,generation-iii,emerald,front_default,pokemon/cradily/images/geniii_emerald_front_default.png,https://raw.githubusercontent.com/PokeAPI/sprites/master/sprites/pokemon/versions/generation-iii/emerald/346.png
347,anorith,anorith,generation-iii,emerald,front_default,pokemon/anorith/images/geniii_emerald_front_default.png,https://raw.githubusercontent.com/PokeAPI/sprites/master/sprites/pokemon/versions/generation-iii/emerald/347.png
348,armaldo,armaldo,generation-iii,emerald,front_default,pokemon/armaldo/images/geniii_emerald_front_default.png,https://raw.githubusercontent.com/PokeAPI/sprites/master/sprites/pokemon/versions/generation-iii/emerald/348.png
349,feebas,feebas,generation-iii,emerald,front_default,pokemon/feebas/images/geniii_emerald_front_default.png,https://raw.githubusercontent.com/PokeAPI/sprites/master/sprites/pokemon/versions/generation-iii/emerald/349.png
350,milotic,milotic,generation-iii,emerald,front_default,pokemon/milotic/images/geniii_emerald_front_default.png,https://raw.githubusercontent.com/PokeAPI/sprites/master/sprites/pokemon/versions/generation-iii/emerald/350.png
351,castform,castform,generation-iii,emerald,front_default,pokemon/castform/images/geniii_emerald_front_default.png,https://raw.githubusercontent.com/PokeAPI/sprites/master/sprites/pokemon/versions/generation-iii/emerald/351.png
352,kecleon,kecleon,generation-iii,emerald,front_default,pokemon/kecleon/images/geniii_emerald_front_default.png,https://raw.githubusercontent.com/PokeAPI/sprites/master/sprites/pokemon/versions/generation-iii/emerald/352.png
353,shuppet,shuppet,generation-iii,emerald,front_default,pokemon/shuppet/images/geniii_emerald_front_default.png,https://raw.githubusercontent.com/PokeAPI/sprites/master/sprites/pokemon/versions/generation-iii/emerald/353.png
354,banette,banette,generation-iii,emerald,front_default,pokemon/banette/images/geniii_emerald_front_default.png,https://raw.githubusercontent.com/PokeAPI/sprites/master/sprites/pokemon/versions/generation-iii/emerald/354.png
355,duskull,duskull,generation-iii,emerald,front_default,pokemon/duskull/images/geniii_emerald_front_default.png,https://raw.githubusercontent.com/PokeAPI/sprites/master/sprites/pokemon/versions/generation-iii/emerald/355.png
356,dusclops,dusclops,generation-iii,emerald,front_default,pokemon/dusclops/images/geniii_emerald_front_default.png,https://raw.githubusercontent.com/PokeAPI/sprites/master/sprites/pokemon/versions/generation-iii/emerald/356.png
357,tropius,tropius,generation-iii,emerald,front_default,pokemon/tropius/images/geniii_emerald_front_default.png,https://raw.githubusercontent.com/PokeAPI/sprites/master/sprites/pokemon/versions/generation-iii/emerald/357.png
358,chimecho,chimecho,generation-iii,emerald,front_default,pokemon/chimecho/images/geniii_emerald_front_default.png,https://raw.githubusercontent.com/PokeAPI/sprites/master/sprites/pokemon/versions/generation-iii/emerald/358.png
359,absol,absol,generation-iii,emerald,front_default,pokemon/absol/images/geniii_emerald_front_default.png,https://raw.githubusercontent.com/PokeAPI/sprites/master/sprites/pokemon/versions/generation-iii/emerald/359.png
360,wynaut,wynaut,generation-iii,emerald,front_default,pokemon/wynaut/images/geniii_emerald_front_default.png,https://raw.githubusercontent.com/PokeAPI/sprites/master/sprites/pokemon/versions/generation-iii/emerald/360.png
361,snorunt,snorunt,generation-iii,emerald,front_default,pokemon/snorunt/images/geniii_emerald_front_default.png,https://raw.githubusercontent.com/PokeAPI/sprites/master/sprites/pokemon/versions/generation-iii/emerald/361.png
362,glalie,glalie,generation-iii,emerald,front_default,pokemon/glalie/images/geniii_emerald_front_default.png,https://raw.githubusercontent.com/PokeAPI/sprites/master/sprites/pokemon/versions/generation-iii/emerald/362.png
363,spheal,spheal,generation-iii,emerald,front_default,pokemon/spheal/images/geniii_emerald_front_default.png,https://raw.githubusercontent.com/PokeAPI/sprites/master/sprites/pokemon/versions/generation-iii/emerald/363.png
364,sealeo,sealeo,generation-iii,emerald,front_default,pokemon/sealeo/images/geniii_emerald_front_default.png,https://raw.githubusercontent.com/PokeAPI/sprites/master/sprites/pokemon/versions/generation-iii/emerald/364.png
365,walrein,walrein,generation-iii,emerald,front_default,pokemon/walrein/images/geniii_emerald_front_default.png,https://raw.githubusercontent.com/PokeAPI/sprites/master/sprites/pokemon/versions/generation-iii/emerald/365.png
366,clamperl,clamperl,generation-iii,emerald,front_default,pokemon/clamperl/images/geniii_emerald_front_default.png,https://raw.githubusercontent.com/PokeAPI/sprites/master/sprites/pokemon/versions/generation-iii/emerald/366.png
367,huntail,huntail,generation-iii,emerald,front_default,pokemon/huntail/images/geniii_emerald_front_default.png,https://raw.githubusercontent.com/PokeAPI/sprites/master/sprites/pokemon/versions/generation-iii/emerald/367.png
368,gorebyss,gorebyss,generation-iii,emerald,front_default,pokemon/gorebyss/images/geniii_emerald_front_default.png,https://raw.githubusercontent.com/PokeAPI/sprites/master/sprites/pokemon/versions/generation-iii/emerald/368.png
369,relicanth,relicanth,generation-iii,emerald,front_default,pokemon/relicanth/images/geniii_emerald_front_default.png,https://raw.githubusercontent.com/PokeAPI/sprites/master/sprites/pokemon/versions/generation-iii/emerald/369.png
370,luvdisc,luvdisc,generation-iii,emerald,front_default,pokemon/luvdisc/images/geniii_emerald_front_default.png,https://raw.githubusercontent.com/PokeAPI/sprites/master/sprites/pokemon/versions/generation-iii/emerald/370.png
371,bagon,bagon,generation-iii,emerald,front_default,pokemon/bagon/images/geniii_emerald_front_default.png,https://raw.githubusercontent.com/PokeAPI/sprites/master/sprites/pokemon/versions/generation-iii/emerald/371.png
372,shelgon,shelgon,generation-iii,emerald,front_default,pokemon/shelgon/images/geniii_emerald_front_default.png,https://raw.githubusercontent.com/PokeAPI/sprites/master/sprites/pokemon/versions/generation-iii/emerald/372.png
373,salamence,salamence,generation-iii,emerald,front_default,pokemon/salamence/images/geniii_emerald_front_default.png,https://raw.githubusercontent.com/PokeAPI/sprites/master/sprites/pokemon/versions/generation-iii/emerald/373.png
374,beldum,beldum,generation-iii,emerald,front_default,pokemon/beldum/images/geniii_emerald_front_default.png,https://raw.githubusercontent.com/PokeAPI/sprites/master/sprites/pokemon/versions/generation-iii/emerald/374.png
375,metang,metang,generation-iii,emerald,front_default,pokemon/metang/images/geniii_emerald_front_default.png,https://raw.githubusercontent.com/PokeAPI/sprites/master/sprites/pokemon/versions/generation-iii/emerald/375.png
376,metagross,metagross,generation-iii,emerald,front_default,pokemon/metagross/images/geniii_emerald_front_default.png,https://raw.githubusercontent.com/PokeAPI/sprites/master/sprites/pokemon/versions/generation-iii/emerald/376.png
377,regirock,regirock,generation-iii,emerald,front_default,pokemon/regirock/images/geniii_emerald_front_default.png,https://raw.githubusercontent.com/PokeAPI/sprites/master/sprites/pokemon/versions/generation-iii/emerald/377.png
378,regice,regice,generation-iii,emerald,front_default,pokemon/regice/images/geniii_emerald_front_default.png,https://raw.githubusercontent.com/PokeAPI/sprites/master/sprites/pokemon/versions/generation-iii/emerald/378.png
379,registeel,registeel,generation-iii,emerald,front_default,pokemon/registeel/images/geniii_emerald_front_default.png,https://raw.githubusercontent.com/PokeAPI/sprites/master/sprites/pokemon/versions/generation-iii/emerald/379.png
380,latias,latias,generation-iii,emerald,front_default,pokemon/latias/images/geniii_emerald_front_default.png,https://raw.githubusercontent.com/PokeAPI/sprites/master/sprites/pokemon/versions/generation-iii/emerald/380.png
381,latios,latios,generation-iii,emerald,front_default,pokemon/latios/images/geniii_emerald_front_default.png,https://raw.githubusercontent.com/PokeAPI/sprites/master/sprites/pokemon/versions/generation-iii/emerald/381.png
382,kyogre,kyogre,generation-iii,emerald,front_default,pokemon/kyogre/images/geniii_emerald_front_default.png,https://raw.githubusercontent.com/PokeAPI/sprites/master/sprites/pokemon/versions/generation-iii/emerald/382.png
383,groudon,groudon,generation-iii,emerald,front_default,pokemon/groudon/images/geniii_emerald_front_default.png,https://raw.githubusercontent.com/PokeAPI/sprites/master/sprites/pokemon/versions/generation-iii/emerald/383.png
384,rayquaza,rayquaza,generation-iii,emerald,front_default,pokemon/rayquaza/images/geniii_emerald_front_default.png,https://raw.githubusercontent.com/PokeAPI/sprites/master/sprites/pokemon/versions/generation-iii/emerald/384.png
385,jirachi,jirachi,generation-iii,emerald,front_default,pokemon/jirachi/images/geniii_emerald_front_default.png,https://raw.githubusercontent.com/PokeAPI/sprites/master/sprites/pokemon/versions/generation-iii/emerald/385.png
386,deoxys-normal,deoxys_normal,generation-iii,emerald,front_default,pokemon/deoxys_normal/images/geniii_emerald_front_default.png,https://raw.githubusercontent.com/PokeAPI/sprites/master/sprites/pokemon/versions/generation-iii/emerald/386.png
10003,deoxys-speed,deoxys_speed,generation-iii,emerald,front_default,pokemon/deoxys_speed/images/geniii_emerald_front_default.png,https://raw.githubusercontent.com/PokeAPI/sprites/master/sprites/pokemon/versions/generation-iii/emerald/386-speed.png
10013,castform-sunny,castform_sunny,generation-iii,emerald,front_default,pokemon/castform_sunny/images/geniii_emerald_front_default.png,https://raw.githubusercontent.com/PokeAPI/sprites/master/sprites/pokemon/versions/generation-iii/emerald/351-sunny.png
10014,castform-rainy,castform_rainy,generation-iii,emerald,front_default,pokemon/castform_rainy/images/geniii_emerald_front_default.png,https://raw.githubusercontent.com/PokeAPI/sprites/master/sprites/pokemon/versions/generation-iii/emerald/351-rainy.png
10015,castform-snowy,castform_snowy,generation-iii,emerald,front_default,pokemon/castform_snowy/images/geniii_emerald_front_default.png,https://raw.githubusercontent.com/PokeAPI/sprites/master/sprites/pokemon/versions/generation-iii/emerald/351-snowy.png
