id,name,description,is_legacy,image,sourceUrl
0,Default Ward,Base Ward Skin,False,images/ward_skins/default_ward.png,https://raw.communitydragon.org/latest/plugins/rcp-be-lol-game-data/global/default/assets/content/src/leagueclient/wardskinimages/wardhero_0.png
1,Bat-o-lantern Ward,Harrowing 2012,True,images/ward_skins/bat_o_lantern_ward.png,https://raw.communitydragon.org/latest/plugins/rcp-be-lol-game-data/global/default/assets/content/src/leagueclient/wardskinimages/wardhero_1.png
2,Haunting Ward,Harrowing 2012,True,images/ward_skins/haunting_ward.png,https://raw.communitydragon.org/latest/plugins/rcp-be-lol-game-data/global/default/assets/content/src/leagueclient/wardskinimages/wardhero_2.png
3,Widow Ward,Harrowing 2012,True,images/ward_skins/widow_ward.png,https://raw.communitydragon.org/latest/plugins/rcp-be-lol-game-data/global/default/assets/content/src/leagueclient/wardskinimages/wardhero_3.png
4,Deadfall Ward,Harrowing 2012,True,images/ward_skins/deadfall_ward.png,https://raw.communitydragon.org/latest/plugins/rcp-be-lol-game-data/global/default/assets/content/src/leagueclient/wardskinimages/wardhero_4.png
5,Tomb Angel Ward,Harrowing 2012,True,images/ward_skins/tomb_angel_ward.png,https://raw.communitydragon.org/latest/plugins/rcp-be-lol-game-data/global/default/assets/content/src/leagueclient/wardskinimages/wardhero_5.png
6,Snowman Ward,Snowdown Showdown 2012,True,images/ward_skins/snowman_ward.png,https://raw.communitydragon.org/latest/plugins/rcp-be-lol-game-data/global/default/assets/content/src/leagueclient/wardskinimages/wardhero_6.png
7,Gingerbread Ward,Snowdown Showdown 2012,True,images/ward_skins/gingerbread_ward.png,https://raw.communitydragon.org/latest/plugins/rcp-be-lol-game-data/global/default/assets/content/src/leagueclient/wardskinimages/wardhero_7.png
8,Lantern of the Serpent Ward,Lunar Revel 2013,True,images/ward_skins/lantern_of_the_serpent_ward.png,https://raw.communitydragon.org/latest/plugins/rcp-be-lol-game-data/global/default/assets/content/src/leagueclient/wardskinimages/wardhero_8.png
9,Banner of the Serpent Ward,Lunar Revel 2013,True,images/ward_skins/banner_of_the_serpent_ward.png,https://raw.communitydragon.org/latest/plugins/rcp-be-lol-game-data/global/default/assets/content/src/leagueclient/wardskinimages/wardhero_9.png
10,Starcall Ward,,False,images/ward_skins/starcall_ward.png,https://raw.communitydragon.org/latest/plugins/rcp-be-lol-game-data/global/default/assets/content/src/leagueclient/wardskinimages/wardhero_10.png
11,Ward of Draven,,False,images/ward_skins/ward_of_draven.png,https://raw.communitydragon.org/latest/plugins/rcp-be-lol-game-data/global/default/assets/content/src/leagueclient/wardskinimages/wardhero_11.png
12,Luminosity Ward,,False,images/ward_skins/luminosity_ward.png,https://raw.communitydragon.org/latest/plugins/rcp-be-lol-game-data/global/default/assets/content/src/leagueclient/wardskinimages/wardhero_12.png
13,Season 3 Victorious Ward,Season 3 Reward for being Silver or higher in ranked play,False,images/ward_skins/season_3_victorious_ward.png,https://raw.communitydragon.org/latest/plugins/rcp-be-lol-game-data/global/default/assets/content/src/leagueclient/wardskinimages/wardhero_13.png
14,Worlds 2013 Ward,World Finals 2013,False,images/ward_skins/worlds_2013_ward.png,https://raw.communitydragon.org/latest/plugins/rcp-be-lol-game-data/global/default/assets/content/src/leagueclient/wardskinimages/wardhero_14.png
15,Candy Cane Ward,Snowdown 2013,True,images/ward_skins/candy_cane_ward.png,https://raw.communitydragon.org/latest/plugins/rcp-be-lol-game-data/global/default/assets/content/src/leagueclient/wardskinimages/wardhero_15.png
16,Banner of the Horse Ward,Lunar Revel 2014,True,images/ward_skins/banner_of_the_horse_ward.png,https://raw.communitydragon.org/latest/plugins/rcp-be-lol-game-data/global/default/assets/content/src/leagueclient/wardskinimages/wardhero_16.png
17,Gong Ward,Lunar Revel 2014,True,images/ward_skins/gong_ward.png,https://raw.communitydragon.org/latest/plugins/rcp-be-lol-game-data/global/default/assets/content/src/leagueclient/wardskinimages/wardhero_17.png
18,Bouquet Ward,Valentine's Day 2014,False,images/ward_skins/bouquet_ward.png,https://raw.communitydragon.org/latest/plugins/rcp-be-lol-game-data/global/default/assets/content/src/leagueclient/wardskinimages/wardhero_18.png
19,Fist Bump Ward,You met a Rioter!,True,images/ward_skins/fist_bump_ward.png,https://raw.communitydragon.org/latest/plugins/rcp-be-lol-game-data/global/default/assets/content/src/leagueclient/wardskinimages/wardhero_19.png
20,SKT T1 Ward,Commemorate SKT T1's sweeping World Championship victory for season 3,True,images/ward_skins/skt_t1_ward.png,https://raw.communitydragon.org/latest/plugins/rcp-be-lol-game-data/global/default/assets/content/src/leagueclient/wardskinimages/wardhero_20.png
21,Dragonslayer Ward,,False,images/ward_skins/dragonslayer_ward.png,https://raw.communitydragon.org/latest/plugins/rcp-be-lol-game-data/global/default/assets/content/src/leagueclient/wardskinimages/wardhero_21.png
22,All-Star 2014 Ward,All-Stars 2014,False,images/ward_skins/all_star_2014_ward.png,https://raw.communitydragon.org/latest/plugins/rcp-be-lol-game-data/global/default/assets/content/src/leagueclient/wardskinimages/wardhero_22.png
23,Golden Goal Ward,World Cup 2014,False,images/ward_skins/golden_goal_ward.png,https://raw.communitydragon.org/latest/plugins/rcp-be-lol-game-data/global/default/assets/content/src/leagueclient/wardskinimages/wardhero_23.png
24,Mecha Ward,,False,images/ward_skins/mecha_ward.png,https://raw.communitydragon.org/latest/plugins/rcp-be-lol-game-data/global/default/assets/content/src/leagueclient/wardskinimages/wardhero_24.png
25,Armordillo Ward,Shurima Event 2014,False,images/ward_skins/armordillo_ward.png,https://raw.communitydragon.org/latest/plugins/rcp-be-lol-game-data/global/default/assets/content/src/leagueclient/wardskinimages/wardhero_25.png
26,Sad Mummy Ward,Shurima Event 2014,False,images/ward_skins/sad_mummy_ward.png,https://raw.communitydragon.org/latest/plugins/rcp-be-lol-game-data/global/default/assets/content/src/leagueclient/wardskinimages/wardhero_26.png
27,Sun Disc Ward,Shurima Event 2014,False,images/ward_skins/sun_disc_ward.png,https://raw.communitydragon.org/latest/plugins/rcp-be-lol-game-data/global/default/assets/content/src/leagueclient/wardskinimages/wardhero_27.png
28,Worlds 2014 Ward,World Finals 2014,False,images/ward_skins/worlds_2014_ward.png,https://raw.communitydragon.org/latest/plugins/rcp-be-lol-game-data/global/default/assets/content/src/leagueclient/wardskinimages/wardhero_28.png
29,2014 Conquering Ward,Ranked Team Rewards 2014 Season - 20 points,False,images/ward_skins/2014_conquering_ward.png,https://raw.communitydragon.org/latest/plugins/rcp-be-lol-game-data/global/default/assets/content/src/leagueclient/wardskinimages/wardhero_29.png
30,2014 Triumphant Ward,Ranked Team Rewards 2014 Season - 45 points,False,images/ward_skins/2014_triumphant_ward.png,https://raw.communitydragon.org/latest/plugins/rcp-be-lol-game-data/global/default/assets/content/src/leagueclient/wardskinimages/wardhero_30.png
31,2014 Victorious Ward,Ranked Team Rewards 2014 Season - 75 points,False,images/ward_skins/2014_victorious_ward.png,https://raw.communitydragon.org/latest/plugins/rcp-be-lol-game-data/global/default/assets/content/src/leagueclient/wardskinimages/wardhero_31.png
32,Battlecast Ward,,False,images/ward_skins/battlecast_ward.png,https://raw.communitydragon.org/latest/plugins/rcp-be-lol-game-data/global/default/assets/content/src/leagueclient/wardskinimages/wardhero_32.png
33,Poro Ward,Snowdown 2014,True,images/ward_skins/poro_ward.png,https://raw.communitydragon.org/latest/plugins/rcp-be-lol-game-data/global/default/assets/content/src/leagueclient/wardskinimages/wardhero_33.png
34,Astronaut Poro Ward,Snowdown 2014,True,images/ward_skins/astronaut_poro_ward.png,https://raw.communitydragon.org/latest/plugins/rcp-be-lol-game-data/global/default/assets/content/src/leagueclient/wardskinimages/wardhero_34.png
35,Gentleman Poro Ward,Snowdown 2014,True,images/ward_skins/gentleman_poro_ward.png,https://raw.communitydragon.org/latest/plugins/rcp-be-lol-game-data/global/default/assets/content/src/leagueclient/wardskinimages/wardhero_35.png
36,Battlecast Poro Ward,,True,images/ward_skins/battlecast_poro_ward.png,https://raw.communitydragon.org/latest/plugins/rcp-be-lol-game-data/global/default/assets/content/src/leagueclient/wardskinimages/wardhero_36.png
37,Dragonslayer Poro Ward,,True,images/ward_skins/dragonslayer_poro_ward.png,https://raw.communitydragon.org/latest/plugins/rcp-be-lol-game-data/global/default/assets/content/src/leagueclient/wardskinimages/wardhero_37.png
38,Underworld Poro Ward,,True,images/ward_skins/underworld_poro_ward.png,https://raw.communitydragon.org/latest/plugins/rcp-be-lol-game-data/global/default/assets/content/src/leagueclient/wardskinimages/wardhero_38.png
39,Firecracker Ward,Lunar Revel 2015,False,images/ward_skins/firecracker_ward.png,https://raw.communitydragon.org/latest/plugins/rcp-be-lol-game-data/global/default/assets/content/src/leagueclient/wardskinimages/wardhero_39.png
40,Heartseeker Ward,Valentine's Day 2015,True,images/ward_skins/heartseeker_ward.png,https://raw.communitydragon.org/latest/plugins/rcp-be-lol-game-data/global/default/assets/content/src/leagueclient/wardskinimages/wardhero_40.png
41,Urf Ward,URF 2015,False,images/ward_skins/urf_ward.png,https://raw.communitydragon.org/latest/plugins/rcp-be-lol-game-data/global/default/assets/content/src/leagueclient/wardskinimages/wardhero_41.png
42,Mother Serpent Ward,Bilgewater Event 2015,False,images/ward_skins/mother_serpent_ward.png,https://raw.communitydragon.org/latest/plugins/rcp-be-lol-game-data/global/default/assets/content/src/leagueclient/wardskinimages/wardhero_42.png
43,Slaughter Fleet Ward,Bilgewater Event 2015,False,images/ward_skins/slaughter_fleet_ward.png,https://raw.communitydragon.org/latest/plugins/rcp-be-lol-game-data/global/default/assets/content/src/leagueclient/wardskinimages/wardhero_43.png
44,Optic Enhancer Ward,PROJECT: 2015,False,images/ward_skins/optic_enhancer_ward.png,https://raw.communitydragon.org/latest/plugins/rcp-be-lol-game-data/global/default/assets/content/src/leagueclient/wardskinimages/wardhero_44.png
45,Worlds 2015 Ward,World Finals 2015,False,images/ward_skins/worlds_2015_ward.png,https://raw.communitydragon.org/latest/plugins/rcp-be-lol-game-data/global/default/assets/content/src/leagueclient/wardskinimages/wardhero_45.png
46,2015 Conquering Ward,Ranked Team Rewards 2015 Season - 20 points,False,images/ward_skins/2015_conquering_ward.png,https://raw.communitydragon.org/latest/plugins/rcp-be-lol-game-data/global/default/assets/content/src/leagueclient/wardskinimages/wardhero_46.png
47,2015 Triumphant Ward,Ranked Team Rewards 2015 Season - 45 points,False,images/ward_skins/2015_triumphant_ward.png,https://raw.communitydragon.org/latest/plugins/rcp-be-lol-game-data/global/default/assets/content/src/leagueclient/wardskinimages/wardhero_47.png
48,2015 Victorious Ward,Ranked Team Rewards 2015 Season - 75 points,False,images/ward_skins/2015_victorious_ward.png,https://raw.communitydragon.org/latest/plugins/rcp-be-lol-game-data/global/default/assets/content/src/leagueclient/wardskinimages/wardhero_48.png
49,Riggle Ward,Take flight!,False,images/ward_skins/riggle_ward.png,https://raw.communitydragon.org/latest/plugins/rcp-be-lol-game-data/global/default/assets/content/src/leagueclient/wardskinimages/wardhero_49.png
50,All-Star 2015 Team Fire Ward,All-Star 2015 Team Fire,False,images/ward_skins/all_star_2015_team_fire_ward.png,https://raw.communitydragon.org/latest/plugins/rcp-be-lol-game-data/global/default/assets/content/src/leagueclient/wardskinimages/wardhero_50.png
51,All-Star 2015 Team Ice Ward,All-Star 2015 Team Ice,False,images/ward_skins/all_star_2015_team_ice_ward.png,https://raw.communitydragon.org/latest/plugins/rcp-be-lol-game-data/global/default/assets/content/src/leagueclient/wardskinimages/wardhero_51.png
52,Penguin Skier Ward,Snowdown 2015,True,images/ward_skins/penguin_skier_ward.png,https://raw.communitydragon.org/latest/plugins/rcp-be-lol-game-data/global/default/assets/content/src/leagueclient/wardskinimages/wardhero_52.png
53,Rising Dawn Ward,Lunar Revel 2016,True,images/ward_skins/rising_dawn_ward.png,https://raw.communitydragon.org/latest/plugins/rcp-be-lol-game-data/global/default/assets/content/src/leagueclient/wardskinimages/wardhero_53.png
54,Harpseeker Ward,Valentine's Day 2016,True,images/ward_skins/harpseeker_ward.png,https://raw.communitydragon.org/latest/plugins/rcp-be-lol-game-data/global/default/assets/content/src/leagueclient/wardskinimages/wardhero_54.png
55,Hextech Ward,Hextech Crafting Launch,True,images/ward_skins/hextech_ward.png,https://raw.communitydragon.org/latest/plugins/rcp-be-lol-game-data/global/default/assets/content/src/leagueclient/wardskinimages/wardhero_55.png
56,Definitely Not A Ward,Draven Day 2016,False,images/ward_skins/definitely_not_a_ward.png,https://raw.communitydragon.org/latest/plugins/rcp-be-lol-game-data/global/default/assets/content/src/leagueclient/wardskinimages/wardhero_56.png
57,Mecha Zero Ward,Mecha Zero Sion,False,images/ward_skins/mecha_zero_ward.png,https://raw.communitydragon.org/latest/plugins/rcp-be-lol-game-data/global/default/assets/content/src/leagueclient/wardskinimages/wardhero_57.png
58,El Poro Ward,El Poro,True,images/ward_skins/el_poro_ward.png,https://raw.communitydragon.org/latest/plugins/rcp-be-lol-game-data/global/default/assets/content/src/leagueclient/wardskinimages/wardhero_58.png
59,Dark Star Ward,Dark Star,True,images/ward_skins/dark_star_ward.png,https://raw.communitydragon.org/latest/plugins/rcp-be-lol-game-data/global/default/assets/content/src/leagueclient/wardskinimages/wardhero_59.png
60,His Royal Crabness Ward,Pool Party 2016,False,images/ward_skins/his_royal_crabness_ward.png,https://raw.communitydragon.org/latest/plugins/rcp-be-lol-game-data/global/default/assets/content/src/leagueclient/wardskinimages/wardhero_60.png
61,Recon Drone Ward,PROJECT 2016,False,images/ward_skins/recon_drone_ward.png,https://raw.communitydragon.org/latest/plugins/rcp-be-lol-game-data/global/default/assets/content/src/leagueclient/wardskinimages/wardhero_61.png
62,Game On Ward,Arcade 2016,False,images/ward_skins/game_on_ward.png,https://raw.communitydragon.org/latest/plugins/rcp-be-lol-game-data/global/default/assets/content/src/leagueclient/wardskinimages/wardhero_62.png
63,Star Guardian Ward,Star Guardian 2016,False,images/ward_skins/star_guardian_ward.png,https://raw.communitydragon.org/latest/plugins/rcp-be-lol-game-data/global/default/assets/content/src/leagueclient/wardskinimages/wardhero_63.png
64,Worlds 2016 Ward,World Finals 2016,False,images/ward_skins/worlds_2016_ward.png,https://raw.communitydragon.org/latest/plugins/rcp-be-lol-game-data/global/default/assets/content/src/leagueclient/wardskinimages/wardhero_64.png
65,Mechs vs. Minions Ward,Mechs vs. Minions,False,images/ward_skins/mechs_vs_minions_ward.png,https://raw.communitydragon.org/latest/plugins/rcp-be-lol-game-data/global/default/assets/content/src/leagueclient/wardskinimages/wardhero_65.png
66,2016 Conquering Ward,2016 Conquering,False,images/ward_skins/2016_conquering_ward.png,https://raw.communitydragon.org/latest/plugins/rcp-be-lol-game-data/global/default/assets/content/src/leagueclient/wardskinimages/wardhero_66.png
67,2016 Triumphant Ward,2016 Triumphant,False,images/ward_skins/2016_triumphant_ward.png,https://raw.communitydragon.org/latest/plugins/rcp-be-lol-game-data/global/default/assets/content/src/leagueclient/wardskinimages/wardhero_67.png
68,2016 Victorious Ward,2016 Victorious,False,images/ward_skins/2016_victorious_ward.png,https://raw.communitydragon.org/latest/plugins/rcp-be-lol-game-data/global/default/assets/content/src/leagueclient/wardskinimages/wardhero_68.png
69,Elementalist Ward,Elementalist Lux,True,images/ward_skins/elementalist_ward.png,https://raw.communitydragon.org/latest/plugins/rcp-be-lol-game-data/global/default/assets/content/src/leagueclient/wardskinimages/wardhero_69.png
70,Vamporo Ward,Tales from the Rift 2016,True,images/ward_skins/vamporo_ward.png,https://raw.communitydragon.org/latest/plugins/rcp-be-lol-game-data/global/default/assets/content/src/leagueclient/wardskinimages/wardhero_70.png
71,Santa Penguin Ward,Snowdown 2016,True,images/ward_skins/santa_penguin_ward.png,https://raw.communitydragon.org/latest/plugins/rcp-be-lol-game-data/global/default/assets/content/src/leagueclient/wardskinimages/wardhero_71.png
72,Crest of the Rooster Ward,Lunar Revel 2017,True,images/ward_skins/crest_of_the_rooster_ward.png,https://raw.communitydragon.org/latest/plugins/rcp-be-lol-game-data/global/default/assets/content/src/leagueclient/wardskinimages/wardhero_72.png
73,2016 All-Star Ward,2016 All-Star,False,images/ward_skins/2016_all_star_ward.png,https://raw.communitydragon.org/latest/plugins/rcp-be-lol-game-data/global/default/assets/content/src/leagueclient/wardskinimages/wardhero_73.png
74,Blood Demon Ward,Blood Moon 2017,False,images/ward_skins/blood_demon_ward.png,https://raw.communitydragon.org/latest/plugins/rcp-be-lol-game-data/global/default/assets/content/src/leagueclient/wardskinimages/wardhero_74.png
75,Love Dove Ward,Love Dove Ward,True,images/ward_skins/love_dove_ward.png,https://raw.communitydragon.org/latest/plugins/rcp-be-lol-game-data/global/default/assets/content/src/leagueclient/wardskinimages/wardhero_75.png
76,Eye of the Dragon Ward,Eye of the Dragon Ward,False,images/ward_skins/eye_of_the_dragon_ward.png,https://raw.communitydragon.org/latest/plugins/rcp-be-lol-game-data/global/default/assets/content/src/leagueclient/wardskinimages/wardhero_76.png
77,Pulsefire Ward,,False,images/ward_skins/pulsefire_ward.png,https://raw.communitydragon.org/latest/plugins/rcp-be-lol-game-data/global/default/assets/content/src/leagueclient/wardskinimages/wardhero_77.png
78,Dawnbringer Ward,,True,images/ward_skins/dawnbringer_ward.png,https://raw.communitydragon.org/latest/plugins/rcp-be-lol-game-data/global/default/assets/content/src/leagueclient/wardskinimages/wardhero_78.png
79,Nightbringer Ward,,True,images/ward_skins/nightbringer_ward.png,https://raw.communitydragon.org/latest/plugins/rcp-be-lol-game-data/global/default/assets/content/src/leagueclient/wardskinimages/wardhero_79.png
80,God Fist Ward,God Fist Ward,False,images/ward_skins/god_fist_ward.png,https://raw.communitydragon.org/latest/plugins/rcp-be-lol-game-data/global/default/assets/content/src/leagueclient/wardskinimages/wardhero_80.png
81,Pentakill Ward,,False,images/ward_skins/pentakill_ward.png,https://raw.communitydragon.org/latest/plugins/rcp-be-lol-game-data/global/default/assets/content/src/leagueclient/wardskinimages/wardhero_81.png
82,Corruptant Ward,Corruptant Ward,False,images/ward_skins/corruptant_ward.png,https://raw.communitydragon.org/latest/plugins/rcp-be-lol-game-data/global/default/assets/content/src/leagueclient/wardskinimages/wardhero_82.png
83,Conqueror Ward,,True,images/ward_skins/conqueror_ward.png,https://raw.communitydragon.org/latest/plugins/rcp-be-lol-game-data/global/default/assets/content/src/leagueclient/wardskinimages/wardhero_83.png
84,Omega Squad Ward,Omega Squad Ward,False,images/ward_skins/omega_squad_ward.png,https://raw.communitydragon.org/latest/plugins/rcp-be-lol-game-data/global/default/assets/content/src/leagueclient/wardskinimages/wardhero_84.png
85,Arcade Poro Ward,,False,images/ward_skins/arcade_poro_ward.png,https://raw.communitydragon.org/latest/plugins/rcp-be-lol-game-data/global/default/assets/content/src/leagueclient/wardskinimages/wardhero_85.png
86,Mimi Ward,,False,images/ward_skins/mimi_ward.png,https://raw.communitydragon.org/latest/plugins/rcp-be-lol-game-data/global/default/assets/content/src/leagueclient/wardskinimages/wardhero_86.png
87,SKT T1 kkOma Ward,SKT T1 kkOma Ward,True,images/ward_skins/skt_t1_kkoma_ward.png,https://raw.communitydragon.org/latest/plugins/rcp-be-lol-game-data/global/default/assets/content/src/leagueclient/wardskinimages/wardhero_87.png
88,New Horizon Ward,,True,images/ward_skins/new_horizon_ward.png,https://raw.communitydragon.org/latest/plugins/rcp-be-lol-game-data/global/default/assets/content/src/leagueclient/wardskinimages/wardhero_88.png
89,Worlds 2017 Ward,Worlds 2017 Ward,False,images/ward_skins/worlds_2017_ward.png,https://raw.communitydragon.org/latest/plugins/rcp-be-lol-game-data/global/default/assets/content/src/leagueclient/wardskinimages/wardhero_89.png
90,Worlds 2017 Golden Ward,Worlds 2017 Golden Ward,False,images/ward_skins/worlds_2017_golden_ward.png,https://raw.communitydragon.org/latest/plugins/rcp-be-lol-game-data/global/default/assets/content/src/leagueclient/wardskinimages/wardhero_90.png
91,Divine Sword Ward,Divine Sword Ward,False,images/ward_skins/divine_sword_ward.png,https://raw.communitydragon.org/latest/plugins/rcp-be-lol-game-data/global/default/assets/content/src/leagueclient/wardskinimages/wardhero_91.png
92,Glorious Legend Ward,,False,images/ward_skins/glorious_legend_ward.png,https://raw.communitydragon.org/latest/plugins/rcp-be-lol-game-data/global/default/assets/content/src/leagueclient/wardskinimages/wardhero_92.png
93,Honor 3 Ward,,False,images/ward_skins/honor_3_ward.png,https://raw.communitydragon.org/latest/plugins/rcp-be-lol-game-data/global/default/assets/content/src/leagueclient/wardskinimages/wardhero_93.png
94,Honor 4 Ward,,False,images/ward_skins/honor_4_ward.png,https://raw.communitydragon.org/latest/plugins/rcp-be-lol-game-data/global/default/assets/content/src/leagueclient/wardskinimages/wardhero_94.png
95,Honor 5 Ward,,False,images/ward_skins/honor_5_ward.png,https://raw.communitydragon.org/latest/plugins/rcp-be-lol-game-data/global/default/assets/content/src/leagueclient/wardskinimages/wardhero_95.png
96,Rune Enthusiast Ward,,False,images/ward_skins/rune_enthusiast_ward.png,https://raw.communitydragon.org/latest/plugins/rcp-be-lol-game-data/global/default/assets/content/src/leagueclient/wardskinimages/wardhero_96.png
97,2017 Victorious Ward,,False,images/ward_skins/2017_victorious_ward.png,https://raw.communitydragon.org/latest/plugins/rcp-be-lol-game-data/global/default/assets/content/src/leagueclient/wardskinimages/wardhero_97.png
98,Dearest Deer Ward,,True,images/ward_skins/dearest_deer_ward.png,https://raw.communitydragon.org/latest/plugins/rcp-be-lol-game-data/global/default/assets/content/src/leagueclient/wardskinimages/wardhero_98.png
99,Lovebirds Ward,,True,images/ward_skins/lovebirds_ward.png,https://raw.communitydragon.org/latest/plugins/rcp-be-lol-game-data/global/default/assets/content/src/leagueclient/wardskinimages/wardhero_99.png
100,Death Sworn Ward,Death Sworn Ward,False,images/ward_skins/death_sworn_ward.png,https://raw.communitydragon.org/latest/plugins/rcp-be-lol-game-data/global/default/assets/content/src/leagueclient/wardskinimages/wardhero_100.png
101,Essence Collector Ward,,True,images/ward_skins/essence_collector_ward.png,https://raw.communitydragon.org/latest/plugins/rcp-be-lol-game-data/global/default/assets/content/src/leagueclient/wardskinimages/wardhero_101.png
102,Puppy Warwick Ward,,False,images/ward_skins/puppy_warwick_ward.png,https://raw.communitydragon.org/latest/plugins/rcp-be-lol-game-data/global/default/assets/content/src/leagueclient/wardskinimages/wardhero_102.png
103,Puppy Nasus Ward,,False,images/ward_skins/puppy_nasus_ward.png,https://raw.communitydragon.org/latest/plugins/rcp-be-lol-game-data/global/default/assets/content/src/leagueclient/wardskinimages/wardhero_103.png
104,Exo-Ward,,True,images/ward_skins/exo_ward.png,https://raw.communitydragon.org/latest/plugins/rcp-be-lol-game-data/global/default/assets/content/src/leagueclient/wardskinimages/wardhero_104.png
105,Pizza Chicken Ward,,False,images/ward_skins/pizza_chicken_ward.png,https://raw.communitydragon.org/latest/plugins/rcp-be-lol-game-data/global/default/assets/content/src/leagueclient/wardskinimages/wardhero_105.png
106,2018 Conqueror Ward,,True,images/ward_skins/2018_conqueror_ward.png,https://raw.communitydragon.org/latest/plugins/rcp-be-lol-game-data/global/default/assets/content/src/leagueclient/wardskinimages/wardhero_106.png
107,Pulsefire 2018 Ward,,False,images/ward_skins/pulsefire_2018_ward.png,https://raw.communitydragon.org/latest/plugins/rcp-be-lol-game-data/global/default/assets/content/src/leagueclient/wardskinimages/wardhero_107.png
108,The Ripper Ward,,True,images/ward_skins/the_ripper_ward.png,https://raw.communitydragon.org/latest/plugins/rcp-be-lol-game-data/global/default/assets/content/src/leagueclient/wardskinimages/wardhero_108.png
109,The Lion Ward,,False,images/ward_skins/the_lion_ward.png,https://raw.communitydragon.org/latest/plugins/rcp-be-lol-game-data/global/default/assets/content/src/leagueclient/wardskinimages/wardhero_109.png
110,The Wolf Ward,,False,images/ward_skins/the_wolf_ward.png,https://raw.communitydragon.org/latest/plugins/rcp-be-lol-game-data/global/default/assets/content/src/leagueclient/wardskinimages/wardhero_110.png
111,World Rune Ward,,False,images/ward_skins/world_rune_ward.png,https://raw.communitydragon.org/latest/plugins/rcp-be-lol-game-data/global/default/assets/content/src/leagueclient/wardskinimages/wardhero_111.png
112,Surfin' Pengu Ward,,False,images/ward_skins/surfin_pengu_ward.png,https://raw.communitydragon.org/latest/plugins/rcp-be-lol-game-data/global/default/assets/content/src/leagueclient/wardskinimages/wardhero_112.png
113,Wipeout Pengu Ward,,False,images/ward_skins/wipeout_pengu_ward.png,https://raw.communitydragon.org/latest/plugins/rcp-be-lol-game-data/global/default/assets/content/src/leagueclient/wardskinimages/wardhero_113.png
114,Hang Loose Pengu Ward,,False,images/ward_skins/hang_loose_pengu_ward.png,https://raw.communitydragon.org/latest/plugins/rcp-be-lol-game-data/global/default/assets/content/src/leagueclient/wardskinimages/wardhero_114.png
115,Space Lizard Ward,,False,images/ward_skins/space_lizard_ward.png,https://raw.communitydragon.org/latest/plugins/rcp-be-lol-game-data/global/default/assets/content/src/leagueclient/wardskinimages/wardhero_115.png
116,Devil Vulture Ward,,False,images/ward_skins/devil_vulture_ward.png,https://raw.communitydragon.org/latest/plugins/rcp-be-lol-game-data/global/default/assets/content/src/leagueclient/wardskinimages/wardhero_116.png
117,Gold Space Lizard Ward,,True,images/ward_skins/gold_space_lizard_ward.png,https://raw.communitydragon.org/latest/plugins/rcp-be-lol-game-data/global/default/assets/content/src/leagueclient/wardskinimages/wardhero_117.png
118,Worlds 2018 Ward,,False,images/ward_skins/worlds_2018_ward.png,https://raw.communitydragon.org/latest/plugins/rcp-be-lol-game-data/global/default/assets/content/src/leagueclient/wardskinimages/wardhero_118.png
119,Pumpkin Cat Ward,,True,images/ward_skins/pumpkin_cat_ward.png,https://raw.communitydragon.org/latest/plugins/rcp-be-lol-game-data/global/default/assets/content/src/leagueclient/wardskinimages/wardhero_119.png
120,Pajama Guardian Ward,,False,images/ward_skins/pajama_guardian_ward.png,https://raw.communitydragon.org/latest/plugins/rcp-be-lol-game-data/global/default/assets/content/src/leagueclient/wardskinimages/wardhero_120.png
121,Worlds 2018 Golden Ward,,True,images/ward_skins/worlds_2018_golden_ward.png,https://raw.communitydragon.org/latest/plugins/rcp-be-lol-game-data/global/default/assets/content/src/leagueclient/wardskinimages/wardhero_121.png
122,Trained Dragon Ward,,False,images/ward_skins/trained_dragon_ward.png,https://raw.communitydragon.org/latest/plugins/rcp-be-lol-game-data/global/default/assets/content/src/leagueclient/wardskinimages/wardhero_122.png
123,Queen Poro Ward,,True,images/ward_skins/queen_poro_ward.png,https://raw.communitydragon.org/latest/plugins/rcp-be-lol-game-data/global/default/assets/content/src/leagueclient/wardskinimages/wardhero_123.png
124,Pop Music A-ward,,True,images/ward_skins/pop_music_a_ward.png,https://raw.communitydragon.org/latest/plugins/rcp-be-lol-game-data/global/default/assets/content/src/leagueclient/wardskinimages/wardhero_124.png
125,2018 Honor 3 Ward,,False,images/ward_skins/2018_honor_3_ward.png,https://raw.communitydragon.org/latest/plugins/rcp-be-lol-game-data/global/default/assets/content/src/leagueclient/wardskinimages/wardhero_125.png
126,2018 Honor 4 Ward,,False,images/ward_skins/2018_honor_4_ward.png,https://raw.communitydragon.org/latest/plugins/rcp-be-lol-game-data/global/default/assets/content/src/leagueclient/wardskinimages/wardhero_126.png
127,2018 Honor 5 Ward,,False,images/ward_skins/2018_honor_5_ward.png,https://raw.communitydragon.org/latest/plugins/rcp-be-lol-game-data/global/default/assets/content/src/leagueclient/wardskinimages/wardhero_127.png
128,Year of the Pig Ward,,False,images/ward_skins/year_of_the_pig_ward.png,https://raw.communitydragon.org/latest/plugins/rcp-be-lol-game-data/global/default/assets/content/src/leagueclient/wardskinimages/wardhero_128.png
129,Golden Year of the Pig Ward,,False,images/ward_skins/golden_year_of_the_pig_ward.png,https://raw.communitydragon.org/latest/plugins/rcp-be-lol-game-data/global/default/assets/content/src/leagueclient/wardskinimages/wardhero_129.png
130,Unassuming Snowman Ward,,True,images/ward_skins/unassuming_snowman_ward.png,https://raw.communitydragon.org/latest/plugins/rcp-be-lol-game-data/global/default/assets/content/src/leagueclient/wardskinimages/wardhero_130.png
131,Golden Snowman Ward,,True,images/ward_skins/golden_snowman_ward.png,https://raw.communitydragon.org/latest/plugins/rcp-be-lol-game-data/global/default/assets/content/src/leagueclient/wardskinimages/wardhero_131.png
132,Blood Moon Ward,,False,images/ward_skins/blood_moon_ward.png,https://raw.communitydragon.org/latest/plugins/rcp-be-lol-game-data/global/default/assets/content/src/leagueclient/wardskinimages/wardhero_132.png
133,Cat Lover Ward,,False,images/ward_skins/cat_lover_ward.png,https://raw.communitydragon.org/latest/plugins/rcp-be-lol-game-data/global/default/assets/content/src/leagueclient/wardskinimages/wardhero_133.png
134,Dog Lover Ward,,False,images/ward_skins/dog_lover_ward.png,https://raw.communitydragon.org/latest/plugins/rcp-be-lol-game-data/global/default/assets/content/src/leagueclient/wardskinimages/wardhero_134.png
135,2019 Conqueror Ward,,False,images/ward_skins/2019_conqueror_ward.png,https://raw.communitydragon.org/latest/plugins/rcp-be-lol-game-data/global/default/assets/content/src/leagueclient/wardskinimages/wardhero_135.png
136,Battle Academia Durandal Ward,,False,images/ward_skins/battle_academia_durandal_ward.png,https://raw.communitydragon.org/latest/plugins/rcp-be-lol-game-data/global/default/assets/content/src/leagueclient/wardskinimages/wardhero_136.png
137,Championship Hot Dog Ward,,False,images/ward_skins/championship_hot_dog_ward.png,https://raw.communitydragon.org/latest/plugins/rcp-be-lol-game-data/global/default/assets/content/src/leagueclient/wardskinimages/wardhero_137.png
138,Battle Academia Desk Ward,,False,images/ward_skins/battle_academia_desk_ward.png,https://raw.communitydragon.org/latest/plugins/rcp-be-lol-game-data/global/default/assets/content/src/leagueclient/wardskinimages/wardhero_138.png
139,Arcade 2019 Ward,,False,images/ward_skins/arcade_2019_ward.png,https://raw.communitydragon.org/latest/plugins/rcp-be-lol-game-data/global/default/assets/content/src/leagueclient/wardskinimages/wardhero_139.png
140,SK telecom T1 Ward,,False,images/ward_skins/sk_telecom_t1_ward.png,https://raw.communitydragon.org/latest/plugins/rcp-be-lol-game-data/global/default/assets/content/src/leagueclient/wardskinimages/wardhero_140.png
141,Demacia Vice Ward,,False,images/ward_skins/demacia_vice_ward.png,https://raw.communitydragon.org/latest/plugins/rcp-be-lol-game-data/global/default/assets/content/src/leagueclient/wardskinimages/wardhero_141.png
142,TSM Ward,,False,images/ward_skins/tsm_ward.png,https://raw.communitydragon.org/latest/plugins/rcp-be-lol-game-data/global/default/assets/content/src/leagueclient/wardskinimages/wardhero_142.png
143,Echo Fox Ward,,False,images/ward_skins/echo_fox_ward.png,https://raw.communitydragon.org/latest/plugins/rcp-be-lol-game-data/global/default/assets/content/src/leagueclient/wardskinimages/wardhero_143.png
144,100 Thieves Ward,,False,images/ward_skins/100_thieves_ward.png,https://raw.communitydragon.org/latest/plugins/rcp-be-lol-game-data/global/default/assets/content/src/leagueclient/wardskinimages/wardhero_144.png
145,Cloud9 Ward,,False,images/ward_skins/cloud9_ward.png,https://raw.communitydragon.org/latest/plugins/rcp-be-lol-game-data/global/default/assets/content/src/leagueclient/wardskinimages/wardhero_145.png
146,CLG Ward,,False,images/ward_skins/clg_ward.png,https://raw.communitydragon.org/latest/plugins/rcp-be-lol-game-data/global/default/assets/content/src/leagueclient/wardskinimages/wardhero_146.png
147,Team Liquid Ward,,False,images/ward_skins/team_liquid_ward.png,https://raw.communitydragon.org/latest/plugins/rcp-be-lol-game-data/global/default/assets/content/src/leagueclient/wardskinimages/wardhero_147.png
148,Team OpTic Ward,,False,images/ward_skins/team_optic_ward.png,https://raw.communitydragon.org/latest/plugins/rcp-be-lol-game-data/global/default/assets/content/src/leagueclient/wardskinimages/wardhero_148.png
149,Golden Guardians Ward,,False,images/ward_skins/golden_guardians_ward.png,https://raw.communitydragon.org/latest/plugins/rcp-be-lol-game-data/global/default/assets/content/src/leagueclient/wardskinimages/wardhero_149.png
150,FlyQuest Ward,,False,images/ward_skins/flyquest_ward.png,https://raw.communitydragon.org/latest/plugins/rcp-be-lol-game-data/global/default/assets/content/src/leagueclient/wardskinimages/wardhero_150.png
151,Clutch Gaming Ward,,False,images/ward_skins/clutch_gaming_ward.png,https://raw.communitydragon.org/latest/plugins/rcp-be-lol-game-data/global/default/assets/content/src/leagueclient/wardskinimages/wardhero_151.png
152,Excel Esports Ward,,False,images/ward_skins/excel_esports_ward.png,https://raw.communitydragon.org/latest/plugins/rcp-be-lol-game-data/global/default/assets/content/src/leagueclient/wardskinimages/wardhero_152.png
153,Fnatic Ward,,False,images/ward_skins/fnatic_ward.png,https://raw.communitydragon.org/latest/plugins/rcp-be-lol-game-data/global/default/assets/content/src/leagueclient/wardskinimages/wardhero_153.png
154,G2 Esports Ward,,False,images/ward_skins/g2_esports_ward.png,https://raw.communitydragon.org/latest/plugins/rcp-be-lol-game-data/global/default/assets/content/src/leagueclient/wardskinimages/wardhero_154.png
155,Misfits Ward,,False,images/ward_skins/misfits_ward.png,https://raw.communitydragon.org/latest/plugins/rcp-be-lol-game-data/global/default/assets/content/src/leagueclient/wardskinimages/wardhero_155.png
156,Origen Ward,,False,images/ward_skins/origen_ward.png,https://raw.communitydragon.org/latest/plugins/rcp-be-lol-game-data/global/default/assets/content/src/leagueclient/wardskinimages/wardhero_156.png
157,Rogue Ward,,False,images/ward_skins/rogue_ward.png,https://raw.communitydragon.org/latest/plugins/rcp-be-lol-game-data/global/default/assets/content/src/leagueclient/wardskinimages/wardhero_157.png
158,Schalke 04 Ward,,False,images/ward_skins/schalke_04_ward.png,https://raw.communitydragon.org/latest/plugins/rcp-be-lol-game-data/global/default/assets/content/src/leagueclient/wardskinimages/wardhero_158.png
159,SK Ward,,False,images/ward_skins/sk_ward.png,https://raw.communitydragon.org/latest/plugins/rcp-be-lol-game-data/global/default/assets/content/src/leagueclient/wardskinimages/wardhero_159.png
160,Splyce Ward,,False,images/ward_skins/splyce_ward.png,https://raw.communitydragon.org/latest/plugins/rcp-be-lol-game-data/global/default/assets/content/src/leagueclient/wardskinimages/wardhero_160.png
161,Vitality Ward,,False,images/ward_skins/vitality_ward.png,https://raw.communitydragon.org/latest/plugins/rcp-be-lol-game-data/global/default/assets/content/src/leagueclient/wardskinimages/wardhero_161.png
162,Fan Pass Ward,,False,images/ward_skins/fan_pass_ward.png,https://raw.communitydragon.org/latest/plugins/rcp-be-lol-game-data/global/default/assets/content/src/leagueclient/wardskinimages/wardhero_162.png
163,Bilibili Gaming Ward,,False,images/ward_skins/bilibili_gaming_ward.png,https://raw.communitydragon.org/latest/plugins/rcp-be-lol-game-data/global/default/assets/content/src/leagueclient/wardskinimages/wardhero_163.png
164,Dominus Esports Ward,,False,images/ward_skins/dominus_esports_ward.png,https://raw.communitydragon.org/latest/plugins/rcp-be-lol-game-data/global/default/assets/content/src/leagueclient/wardskinimages/wardhero_164.png
165,Edward Gaming Ward,,False,images/ward_skins/edward_gaming_ward.png,https://raw.communitydragon.org/latest/plugins/rcp-be-lol-game-data/global/default/assets/content/src/leagueclient/wardskinimages/wardhero_165.png
166,FunPlus Phoenix Ward,,False,images/ward_skins/funplus_phoenix_ward.png,https://raw.communitydragon.org/latest/plugins/rcp-be-lol-game-data/global/default/assets/content/src/leagueclient/wardskinimages/wardhero_166.png
167,Invictus Gaming Ward,,False,images/ward_skins/invictus_gaming_ward.png,https://raw.communitydragon.org/latest/plugins/rcp-be-lol-game-data/global/default/assets/content/src/leagueclient/wardskinimages/wardhero_167.png
168,JD Gaming Ward,,False,images/ward_skins/jd_gaming_ward.png,https://raw.communitydragon.org/latest/plugins/rcp-be-lol-game-data/global/default/assets/content/src/leagueclient/wardskinimages/wardhero_168.png
169,LGD Gaming Ward,,False,images/ward_skins/lgd_gaming_ward.png,https://raw.communitydragon.org/latest/plugins/rcp-be-lol-game-data/global/default/assets/content/src/leagueclient/wardskinimages/wardhero_169.png
170,LNG Esports Ward,,False,images/ward_skins/lng_esports_ward.png,https://raw.communitydragon.org/latest/plugins/rcp-be-lol-game-data/global/default/assets/content/src/leagueclient/wardskinimages/wardhero_170.png
171,Oh My God Ward,,False,images/ward_skins/oh_my_god_ward.png,https://raw.communitydragon.org/latest/plugins/rcp-be-lol-game-data/global/default/assets/content/src/leagueclient/wardskinimages/wardhero_171.png
172,Royal Never Give Up Ward,,False,images/ward_skins/royal_never_give_up_ward.png,https://raw.communitydragon.org/latest/plugins/rcp-be-lol-game-data/global/default/assets/content/src/leagueclient/wardskinimages/wardhero_172.png
173,Rogue Warriors Ward,,False,images/ward_skins/rogue_warriors_ward.png,https://raw.communitydragon.org/latest/plugins/rcp-be-lol-game-data/global/default/assets/content/src/leagueclient/wardskinimages/wardhero_173.png
174,Suning Ward,,False,images/ward_skins/suning_ward.png,https://raw.communitydragon.org/latest/plugins/rcp-be-lol-game-data/global/default/assets/content/src/leagueclient/wardskinimages/wardhero_174.png
175,TOP Esports Ward,,False,images/ward_skins/top_esports_ward.png,https://raw.communitydragon.org/latest/plugins/rcp-be-lol-game-data/global/default/assets/content/src/leagueclient/wardskinimages/wardhero_175.png
176,Victory Five Ward,,False,images/ward_skins/victory_five_ward.png,https://raw.communitydragon.org/latest/plugins/rcp-be-lol-game-data/global/default/assets/content/src/leagueclient/wardskinimages/wardhero_176.png
177,Vici Gaming Ward,,False,images/ward_skins/vici_gaming_ward.png,https://raw.communitydragon.org/latest/plugins/rcp-be-lol-game-data/global/default/assets/content/src/leagueclient/wardskinimages/wardhero_177.png
178,Team WE Ward,,False,images/ward_skins/team_we_ward.png,https://raw.communitydragon.org/latest/plugins/rcp-be-lol-game-data/global/default/assets/content/src/leagueclient/wardskinimages/wardhero_178.png
179,KING-ZONE DragonX Ward,,False,images/ward_skins/king_zone_dragonx_ward.png,https://raw.communitydragon.org/latest/plugins/rcp-be-lol-game-data/global/default/assets/content/src/leagueclient/wardskinimages/wardhero_179.png
180,Afreeca Freecs Ward,,False,images/ward_skins/afreeca_freecs_ward.png,https://raw.communitydragon.org/latest/plugins/rcp-be-lol-game-data/global/default/assets/content/src/leagueclient/wardskinimages/wardhero_180.png
181,DAMWON Gaming Ward,,False,images/ward_skins/damwon_gaming_ward.png,https://raw.communitydragon.org/latest/plugins/rcp-be-lol-game-data/global/default/assets/content/src/leagueclient/wardskinimages/wardhero_181.png
182,Gen.G Ward,,False,images/ward_skins/gen_g_ward.png,https://raw.communitydragon.org/latest/plugins/rcp-be-lol-game-data/global/default/assets/content/src/leagueclient/wardskinimages/wardhero_182.png
183,GRIFFIN Ward,,False,images/ward_skins/griffin_ward.png,https://raw.communitydragon.org/latest/plugins/rcp-be-lol-game-data/global/default/assets/content/src/leagueclient/wardskinimages/wardhero_183.png
184,Hanwha Life Esports Ward,,False,images/ward_skins/hanwha_life_esports_ward.png,https://raw.communitydragon.org/latest/plugins/rcp-be-lol-game-data/global/default/assets/content/src/leagueclient/wardskinimages/wardhero_184.png
185,Jin Air Greenwings Ward,,False,images/ward_skins/jin_air_greenwings_ward.png,https://raw.communitydragon.org/latest/plugins/rcp-be-lol-game-data/global/default/assets/content/src/leagueclient/wardskinimages/wardhero_185.png
186,kt Rolster Ward,,False,images/ward_skins/kt_rolster_ward.png,https://raw.communitydragon.org/latest/plugins/rcp-be-lol-game-data/global/default/assets/content/src/leagueclient/wardskinimages/wardhero_186.png
187,SANDBOX Gaming Ward,,False,images/ward_skins/sandbox_gaming_ward.png,https://raw.communitydragon.org/latest/plugins/rcp-be-lol-game-data/global/default/assets/content/src/leagueclient/wardskinimages/wardhero_187.png
188,Star Guardian 2019 Ward,,False,images/ward_skins/star_guardian_2019_ward.png,https://raw.communitydragon.org/latest/plugins/rcp-be-lol-game-data/global/default/assets/content/src/leagueclient/wardskinimages/wardhero_188.png
189,PROJECT: Reckoning Ward,,False,images/ward_skins/project_reckoning_ward.png,https://raw.communitydragon.org/latest/plugins/rcp-be-lol-game-data/global/default/assets/content/src/leagueclient/wardskinimages/wardhero_189.png
190,Worlds 2019 Ward,,True,images/ward_skins/worlds_2019_ward.png,https://raw.communitydragon.org/latest/plugins/rcp-be-lol-game-data/global/default/assets/content/src/leagueclient/wardskinimages/wardhero_190.png
191,Frontier Devil Ward,,True,images/ward_skins/frontier_devil_ward.png,https://raw.communitydragon.org/latest/plugins/rcp-be-lol-game-data/global/default/assets/content/src/leagueclient/wardskinimages/wardhero_191.png
192,True Damage Ward,,False,images/ward_skins/true_damage_ward.png,https://raw.communitydragon.org/latest/plugins/rcp-be-lol-game-data/global/default/assets/content/src/leagueclient/wardskinimages/wardhero_192.png
193,10th Anniversary Ward,,True,images/ward_skins/10th_anniversary_ward.png,https://raw.communitydragon.org/latest/plugins/rcp-be-lol-game-data/global/default/assets/content/src/leagueclient/wardskinimages/wardhero_193.png
194,Tales From the Rift 2019 Ward,,False,images/ward_skins/tales_from_the_rift_2019_ward.png,https://raw.communitydragon.org/latest/plugins/rcp-be-lol-game-data/global/default/assets/content/src/leagueclient/wardskinimages/wardhero_194.png
195,Night & Dawn Ward,,False,images/ward_skins/night_dawn_ward.png,https://raw.communitydragon.org/latest/plugins/rcp-be-lol-game-data/global/default/assets/content/src/leagueclient/wardskinimages/wardhero_195.png
196,Prestige 2019 Ward,,False,images/ward_skins/prestige_2019_ward.png,https://raw.communitydragon.org/latest/plugins/rcp-be-lol-game-data/global/default/assets/content/src/leagueclient/wardskinimages/wardhero_196.png
197,Mecha Kingdoms 2020 Ward,,False,images/ward_skins/mecha_kingdoms_2020_ward.png,https://raw.communitydragon.org/latest/plugins/rcp-be-lol-game-data/global/default/assets/content/src/leagueclient/wardskinimages/wardhero_197.png
198,Galaxies 2020 Ward,,False,images/ward_skins/galaxies_2020_ward.png,https://raw.communitydragon.org/latest/plugins/rcp-be-lol-game-data/global/default/assets/content/src/leagueclient/wardskinimages/wardhero_198.png
199,2020 Pulsefire Ward,,False,images/ward_skins/2020_pulsefire_ward.png,https://raw.communitydragon.org/latest/plugins/rcp-be-lol-game-data/global/default/assets/content/src/leagueclient/wardskinimages/wardhero_199.png
200,2020 Spirit Blossom Kanmei Ward,,False,images/ward_skins/2020_spirit_blossom_kanmei_ward.png,https://raw.communitydragon.org/latest/plugins/rcp-be-lol-game-data/global/default/assets/content/src/leagueclient/wardskinimages/wardhero_200.png
201,2020 Spirit Blossom Akana Ward,,False,images/ward_skins/2020_spirit_blossom_akana_ward.png,https://raw.communitydragon.org/latest/plugins/rcp-be-lol-game-data/global/default/assets/content/src/leagueclient/wardskinimages/wardhero_201.png
202,Riot Games Fist Bump Ward,,False,images/ward_skins/riot_games_fist_bump_ward.png,https://raw.communitydragon.org/latest/plugins/rcp-be-lol-game-data/global/default/assets/content/src/leagueclient/wardskinimages/wardhero_202.png
203,Tellstones: King's Gambit Ward,,False,images/ward_skins/tellstones_king_s_gambit_ward.png,https://raw.communitydragon.org/latest/plugins/rcp-be-lol-game-data/global/default/assets/content/src/leagueclient/wardskinimages/wardhero_203.png
204,PsyOps 2020 Ward,,False,images/ward_skins/psyops_2020_ward.png,https://raw.communitydragon.org/latest/plugins/rcp-be-lol-game-data/global/default/assets/content/src/leagueclient/wardskinimages/wardhero_204.png
205,K/DA ALL OUT Ward,,False,images/ward_skins/k_da_all_out_ward.png,https://raw.communitydragon.org/latest/plugins/rcp-be-lol-game-data/global/default/assets/content/src/leagueclient/wardskinimages/wardhero_205.png
206,Worlds 2020 Ward,,False,images/ward_skins/worlds_2020_ward.png,https://raw.communitydragon.org/latest/plugins/rcp-be-lol-game-data/global/default/assets/content/src/leagueclient/wardskinimages/wardhero_206.png
207,Dragonmancer Ward,,False,images/ward_skins/dragonmancer_ward.png,https://raw.communitydragon.org/latest/plugins/rcp-be-lol-game-data/global/default/assets/content/src/leagueclient/wardskinimages/wardhero_207.png
208,Battle Queens Ward,,False,images/ward_skins/battle_queens_ward.png,https://raw.communitydragon.org/latest/plugins/rcp-be-lol-game-data/global/default/assets/content/src/leagueclient/wardskinimages/wardhero_208.png
209,2021 Lunar Beast Ward,,False,images/ward_skins/2021_lunar_beast_ward.png,https://raw.communitydragon.org/latest/plugins/rcp-be-lol-game-data/global/default/assets/content/src/leagueclient/wardskinimages/wardhero_209.png
210,2021 Space Groove Ward,,False,images/ward_skins/2021_space_groove_ward.png,https://raw.communitydragon.org/latest/plugins/rcp-be-lol-game-data/global/default/assets/content/src/leagueclient/wardskinimages/wardhero_210.png
211,PROJECT 2021 Ward,,False,images/ward_skins/project_2021_ward.png,https://raw.communitydragon.org/latest/plugins/rcp-be-lol-game-data/global/default/assets/content/src/leagueclient/wardskinimages/wardhero_211.png
212,Sentinel Ward,,False,images/ward_skins/sentinel_ward.png,https://raw.communitydragon.org/latest/plugins/rcp-be-lol-game-data/global/default/assets/content/src/leagueclient/wardskinimages/wardhero_212.png
213,Coven Ward,,False,images/ward_skins/coven_ward.png,https://raw.communitydragon.org/latest/plugins/rcp-be-lol-game-data/global/default/assets/content/src/leagueclient/wardskinimages/wardhero_213.png
214,2021 Hextech Ward,,False,images/ward_skins/2021_hextech_ward.png,https://raw.communitydragon.org/latest/plugins/rcp-be-lol-game-data/global/default/assets/content/src/leagueclient/wardskinimages/wardhero_214.png
215,Ruined Ward,,False,images/ward_skins/ruined_ward.png,https://raw.communitydragon.org/latest/plugins/rcp-be-lol-game-data/global/default/assets/content/src/leagueclient/wardskinimages/wardhero_215.png
216,Phoenix Ward,,False,images/ward_skins/phoenix_ward.png,https://raw.communitydragon.org/latest/plugins/rcp-be-lol-game-data/global/default/assets/content/src/leagueclient/wardskinimages/wardhero_216.png
217,Night & Dawn 2021 Ward,,False,images/ward_skins/night_dawn_2021_ward.png,https://raw.communitydragon.org/latest/plugins/rcp-be-lol-game-data/global/default/assets/content/src/leagueclient/wardskinimages/wardhero_217.png
218,Arcane Ward,,False,images/ward_skins/arcane_ward.png,https://raw.communitydragon.org/latest/plugins/rcp-be-lol-game-data/global/default/assets/content/src/leagueclient/wardskinimages/wardhero_218.png
219,2022 Firecracker Ward,,False,images/ward_skins/2022_firecracker_ward.png,https://raw.communitydragon.org/latest/plugins/rcp-be-lol-game-data/global/default/assets/content/src/leagueclient/wardskinimages/wardhero_219.png
220,Forge God - Season 2022 Ward,,False,images/ward_skins/forge_god_season_2022_ward.png,https://raw.communitydragon.org/latest/plugins/rcp-be-lol-game-data/global/default/assets/content/src/leagueclient/wardskinimages/wardhero_220.png
221,Debonair Ward,,False,images/ward_skins/debonair_ward.png,https://raw.communitydragon.org/latest/plugins/rcp-be-lol-game-data/global/default/assets/content/src/leagueclient/wardskinimages/wardhero_221.png
222,Primordial Ward,,False,images/ward_skins/primordial_ward.png,https://raw.communitydragon.org/latest/plugins/rcp-be-lol-game-data/global/default/assets/content/src/leagueclient/wardskinimages/wardhero_222.png
223,Ashen Knight Ward,,False,images/ward_skins/ashen_knight_ward.png,https://raw.communitydragon.org/latest/plugins/rcp-be-lol-game-data/global/default/assets/content/src/leagueclient/wardskinimages/wardhero_223.png
224,LoL Esports Ward Season 2022,,False,images/ward_skins/lol_esports_ward_season_2022.png,https://raw.communitydragon.org/latest/plugins/rcp-be-lol-game-data/global/default/assets/content/src/leagueclient/wardskinimages/wardhero_224.png
225,MSI 2022 High Noon Ward,,False,images/ward_skins/msi_2022_high_noon_ward.png,https://raw.communitydragon.org/latest/plugins/rcp-be-lol-game-data/global/default/assets/content/src/leagueclient/wardskinimages/wardhero_225.png
226,Ocean Song Ward,,False,images/ward_skins/ocean_song_ward.png,https://raw.communitydragon.org/latest/plugins/rcp-be-lol-game-data/global/default/assets/content/src/leagueclient/wardskinimages/wardhero_226.png
227,Star Guardian 2022 Ward,,False,images/ward_skins/star_guardian_2022_ward.png,https://raw.communitydragon.org/latest/plugins/rcp-be-lol-game-data/global/default/assets/content/src/leagueclient/wardskinimages/wardhero_227.png
228,I.S.R Drone Ward,,False,images/ward_skins/i_s_r_drone_ward.png,https://raw.communitydragon.org/latest/plugins/rcp-be-lol-game-data/global/default/assets/content/src/leagueclient/wardskinimages/wardhero_228.png
229,Worlds 2022 Trophy Ward,,False,images/ward_skins/worlds_2022_trophy_ward.png,https://raw.communitydragon.org/latest/plugins/rcp-be-lol-game-data/global/default/assets/content/src/leagueclient/wardskinimages/wardhero_229.png
230,2022 Spirit Blossom Ward,,False,images/ward_skins/2022_spirit_blossom_ward.png,https://raw.communitydragon.org/latest/plugins/rcp-be-lol-game-data/global/default/assets/content/src/leagueclient/wardskinimages/wardhero_230.png
231,Hyperion Ward,,False,images/ward_skins/hyperion_ward.png,https://raw.communitydragon.org/latest/plugins/rcp-be-lol-game-data/global/default/assets/content/src/leagueclient/wardskinimages/wardhero_231.png
232,Empyrean Ward,,False,images/ward_skins/empyrean_ward.png,https://raw.communitydragon.org/latest/plugins/rcp-be-lol-game-data/global/default/assets/content/src/leagueclient/wardskinimages/wardhero_232.png
233,Winterblessed Ward,,False,images/ward_skins/winterblessed_ward.png,https://raw.communitydragon.org/latest/plugins/rcp-be-lol-game-data/global/default/assets/content/src/leagueclient/wardskinimages/wardhero_233.png
234,2023 Lunar Revel Ward,,False,images/ward_skins/2023_lunar_revel_ward.png,https://raw.communitydragon.org/latest/plugins/rcp-be-lol-game-data/global/default/assets/content/src/leagueclient/wardskinimages/wardhero_234.png
235,2023 Season Start Ward,,False,images/ward_skins/2023_season_start_ward.png,https://raw.communitydragon.org/latest/plugins/rcp-be-lol-game-data/global/default/assets/content/src/leagueclient/wardskinimages/wardhero_235.png
237,Faerie Court Ward,,False,images/ward_skins/faerie_court_ward.png,https://raw.communitydragon.org/latest/plugins/rcp-be-lol-game-data/global/default/assets/content/src/leagueclient/wardskinimages/wardhero_237.png
238,Inkshadow Ward,,False,images/ward_skins/inkshadow_ward.png,https://raw.communitydragon.org/latest/plugins/rcp-be-lol-game-data/global/default/assets/content/src/leagueclient/wardskinimages/wardhero_238.png
239,Mysterious Garment Ward,,False,images/ward_skins/mysterious_garment_ward.png,https://raw.communitydragon.org/latest/plugins/rcp-be-lol-game-data/global/default/assets/content/src/leagueclient/wardskinimages/wardhero_239.png
240,DRX Ward,,False,images/ward_skins/drx_ward.png,https://raw.communitydragon.org/latest/plugins/rcp-be-lol-game-data/global/default/assets/content/src/leagueclient/wardskinimages/wardhero_240.png
241,Space & Time Ward,,False,images/ward_skins/space_time_ward.png,https://raw.communitydragon.org/latest/plugins/rcp-be-lol-game-data/global/default/assets/content/src/leagueclient/wardskinimages/wardhero_241.png
242,Soul Fighter Ward,,False,images/ward_skins/soul_fighter_ward.png,https://raw.communitydragon.org/latest/plugins/rcp-be-lol-game-data/global/default/assets/content/src/leagueclient/wardskinimages/wardhero_242.png
244,HEARTSTEEL Ward,,False,images/ward_skins/heartsteel_ward.png,https://raw.communitydragon.org/latest/plugins/rcp-be-lol-game-data/global/default/assets/content/src/leagueclient/wardskinimages/wardhero_244.png
245,2023 Coven Ward,,False,images/ward_skins/2023_coven_ward.png,https://raw.communitydragon.org/latest/plugins/rcp-be-lol-game-data/global/default/assets/content/src/leagueclient/wardskinimages/wardhero_245.png
246,2023 Winterblessed Ward,,False,images/ward_skins/2023_winterblessed_ward.png,https://raw.communitydragon.org/latest/plugins/rcp-be-lol-game-data/global/default/assets/content/src/leagueclient/wardskinimages/wardhero_246.png
247,Crystalis Motus Ward,,False,images/ward_skins/crystalis_motus_ward.png,https://raw.communitydragon.org/latest/plugins/rcp-be-lol-game-data/global/default/assets/content/src/leagueclient/wardskinimages/wardhero_247.png
248,Heavenscale Ward,,False,images/ward_skins/heavenscale_ward.png,https://raw.communitydragon.org/latest/plugins/rcp-be-lol-game-data/global/default/assets/content/src/leagueclient/wardskinimages/wardhero_248.png
249,Hide on bush Ward,,False,images/ward_skins/hide_on_bush_ward.png,https://raw.communitydragon.org/latest/plugins/rcp-be-lol-game-data/global/default/assets/content/src/leagueclient/wardskinimages/wardhero_249.png
250,Anima Squad Ward,,False,images/ward_skins/anima_squad_ward.png,https://raw.communitydragon.org/latest/plugins/rcp-be-lol-game-data/global/default/assets/content/src/leagueclient/wardskinimages/wardhero_250.png
251,T1 Ward,,False,images/ward_skins/t1_ward.png,https://raw.communitydragon.org/latest/plugins/rcp-be-lol-game-data/global/default/assets/content/src/leagueclient/wardskinimages/wardhero_251.png
252,Gaming Fan Poro Ward,,False,images/ward_skins/gaming_fan_poro_ward.png,https://raw.communitydragon.org/latest/plugins/rcp-be-lol-game-data/global/default/assets/content/src/leagueclient/wardskinimages/wardhero_252.png
253,Worlds 2024 Ward,,False,images/ward_skins/worlds_2024_ward.png,https://raw.communitydragon.org/latest/plugins/rcp-be-lol-game-data/global/default/assets/content/src/leagueclient/wardskinimages/wardhero_253.png
254,Mysterious Arcane Ward,,False,images/ward_skins/mysterious_arcane_ward.png,https://raw.communitydragon.org/latest/plugins/rcp-be-lol-game-data/global/default/assets/content/src/leagueclient/wardskinimages/wardhero_254.png
255,Masque of the Black Rose Ward,,False,images/ward_skins/masque_of_the_black_rose_ward.png,https://raw.communitydragon.org/latest/plugins/rcp-be-lol-game-data/global/default/assets/content/src/leagueclient/wardskinimages/wardhero_255.png
256,2025 Spirit Blossom Ward,,False,images/ward_skins/2025_spirit_blossom_ward.png,https://raw.communitydragon.org/latest/plugins/rcp-be-lol-game-data/global/default/assets/content/src/leagueclient/wardskinimages/wardhero_256.png
257,Soak It Up Ward,,False,images/ward_skins/soak_it_up_ward.png,https://raw.communitydragon.org/latest/plugins/rcp-be-lol-game-data/global/default/assets/content/src/leagueclient/wardskinimages/wardhero_257.png
258,Battle Academia Ward,,False,images/ward_skins/battle_academia_ward.png,https://raw.communitydragon.org/latest/plugins/rcp-be-lol-game-data/global/default/assets/content/src/leagueclient/wardskinimages/wardhero_258.png
259,Vision of the Fallen Ward,,False,images/ward_skins/vision_of_the_fallen_ward.png,https://raw.communitydragon.org/latest/plugins/rcp-be-lol-game-data/global/default/assets/content/src/leagueclient/wardskinimages/wardhero_259.png
260,T1 2024 Ward,,False,images/ward_skins/t1_2024_ward.png,https://raw.communitydragon.org/latest/plugins/rcp-be-lol-game-data/global/default/assets/content/src/leagueclient/wardskinimages/wardhero_260.png
